MRF Item #,Page,Item Name,Description,Min Qty,Min -47,48-95,96-239,240-479,480-959,300-599,600-2399,Mfg Code,,,,,,,,,,,,,,,,,,,,,,,,,,,,,,
RMB102CA,4,Extra Fancy Jumbo Cashews in Scarlet Magnetic Closure  Box,"People are always fascinated by our magnetic closure gift boxes and then thrilled to discover what's inside! This deep red box is filled with three-quarters of a pound of those great big, great tasting, freshly roasted Jumbo Cashews Ð the very finest in the world Ð specially packaged to preserve freshness. Choose gold or silver for your logo and we will add a matching bow.",18,34.85,34.5,33.75,33.75,,,,3C,,,,,,,,,,,,,,,,,,,,,,,,,,,,,,
RMB121CA,4,English Butter Toffee in Scarlet Magnetic Closure Gift Box,"For over 25 years, our customers (and the recipients of their gifts) have raved about our signature English Butter Toffee! We begin with a crunchy toffee center made with plenty of pure, dairy-fresh butter. Then we enrobe each piece in rich, premium chocolate. Finally, we cover it with toasted almonds. With nearly 36 pieces in this one-pound box, there's plenty to share with friends and family... but don't be surprised if they want to keep it all for themselves. We'll package this great tasting toffee in our red magnetic closure gift box. Choose gold or silver for your logo and we will add a matching bow.",18,39.2,38.85,38.1,38.1,,,,3C,,,,,,,,,,,,,,,,,,,,,,,,,,,,,,
RMB124CA,4,Chocolate Covered Almonds in Scarlet Magnetic Closure Box,"We'll tell you flat out: These are the finest Chocolate Covered Almonds we've ever seen. In fact, they're so superior to what you'll see in stores that your customers and employees will call or email asking where you found them. Colossal, freshly toasted California almonds are covered in rich chocolate! Over 75 come packed in this three-quarter pound red magnetic closure gift box. Choose gold or silver for your logo and we will add a matching gold or silver bow.",18,32.65,32.3,31.55,31.55,,,,3C,,,,,,,,,,,,,,,,,,,,,,,,,,,,,,
RMB138CA,4,Sea Salt Caramels & Truffles in Red Magnetic Closure Box,"Magnetic Closure Gift Boxes are a fun way of presenting a gourmet gift. A hidden magnet keeps the lid secure. These leather-like keepsake boxes will be used for years to come. Choose a gold imprint with gold ribbon; or a silver imprint with silver ribbon. Recipients will open their gift to discover some of our most popular gourmet-quality chocolates... ChocolateSea Salt Caramels & Cocoa Dusted Truffles, one-half pound.",18,37,36.7,35.9,35.9,,,,3C,,,,,,,,,,,,,,,,,,,,,,,,,,,,,,
RMB142CA,4,Chocolate Almonds & Sea Salt Caramels in Red Magnetic Box,"Magnetic Closure Gift Boxes are a fun way of presenting a gourmet gift. A hidden magnet keeps the lid secure. These leather-like keepsake boxes will be used for years to come. Choose a gold imprint with gold ribbon; or a silver imprint with silver ribbon. Recipients will open their gift to discover some of our most popular gourmet-quality chocolates... Chocolate Covered Almonds & Chocolate Sea Salt Caramels, 9-ounces.",18,37,36.7,35.9,35.9,,,,3C,,,,,,,,,,,,,,,,,,,,,,,,,,,,,,
RMB160CA,4,Toffee & Turtles in Scarlet Magnetic Closure Gift Box,"Magnetic Closure Gift Boxes are a fun way of presenting a gourmet gift. A hidden magnet keeps the lid secure. These leather-like keepsake boxes will be used for years to come. Choose a gold imprint with gold ribbon; or a silver imprint with silver ribbon. Recipients will open their gift to discover some of our most popular gourmet-quality chocolates... English Butter Toffee & Pecan Turtles, eleven-ounces.",18,38.1,37.75,37,37,,,,3C,,,,,,,,,,,,,,,,,,,,,,,,,,,,,,
RMB123CA,4,Red Magnetic Closure Gift Box with Pecan Turtles,"These mouth-watering pecan turtles taste even better than they appear!ÊIf you're like me, your mouth is probably watering right now just looking at them. Specially selected, large, full-flavored pecans are surrounded with rich, creamy caramel, and then drenched with the finest chocolate. They're totally irresistible! 24 of these delicious turtles are packed in one of our fourteen-ounce red magnetic closure gift boxes. Your logo is foil-stamped in gold or silver with a matching gold or silver bow.",18,33.75,33.4,32.65,32.65,,,,3C,,,,,,,,,,,,,,,,,,,,,,,,,,,,,,
NMB102CA,5,Extra Fancy Jumbo Cashews in Navy Magnetic Closure  Box,"People are always fascinated by our magnetic closure gift boxes and then thrilled to discover what's inside! This navy blue box is filled with three-quarters of a pound of those great big, great tasting, freshly roasted Jumbo Cashews Ð the very finest in the world Ð specially packaged to preserve freshness. Choose gold or silver for your logo and we will add a matching bow.",18,34.85,34.5,33.75,33.75,,,,3C,,,,,,,,,,,,,,,,,,,,,,,,,,,,,,
NMB121CA,5,English Butter Toffee in Navy Magnetic Closure Gift Box,"For over 25 years, our customers (and the recipients of their gifts) have raved about our signature English Butter Toffee! We begin with a crunchy toffee center made with plenty of pure, dairy-fresh butter. Then we enrobe each piece in rich, premium chocolate. Finally, we cover it with toasted almonds. With nearly 36 pieces in this one-pound box, there's plenty to share with friends and family... but don't be surprised if they want to keep it all for themselves. We'll package this great tasting toffee in our navy blue magnetic closure gift box. Choose gold or silver for your logo and we will add a matching bow.",18,39.2,38.85,38.1,38.1,,,,3C,,,,,,,,,,,,,,,,,,,,,,,,,,,,,,
NMB124CA,5,Chocolate Covered Almonds in Navy Magnetic Closure Box,"We'll tell you flat out: These are the finest Chocolate Covered Almonds we've ever seen. In fact, they're so superior to what you'll see in stores that your customers and employees will call or email asking where you found them. Colossal, freshly toasted California almonds are covered in rich chocolate! Over 75 come packed in this three-quarter pound navy blue magnetic closure gift box. Choose gold or silver for your logo and we will add a matching gold or silver bow.",18,32.65,32.3,31.55,31.55,,,,3C,,,,,,,,,,,,,,,,,,,,,,,,,,,,,,
NMB138CA,5,Sea Salt Caramels & Truffles in Navy Magnetic Closure Box,"Our Magnetic Closure Gift Boxes feature a rich, Navy Blue leather-like finish. Because they are thicker than other gift boxes, they are highly durable and reusable. A hidden magnet holds the lid securely in place. Your logo is foil-stamped in silver or gold on the center of the lid and the box is tied with a matching silver or gold ribbon. Recipients will open their gift to discover some of our most popular gourmet-quality treats... Cocoa Dusted Truffles & Chocolate Sea Salt Caramels, one-half pound.",18,37,36.7,35.9,35.9,,,,3C,,,,,,,,,,,,,,,,,,,,,,,,,,,,,,
NMB142CA,5,Chocolate Almonds & Sea Salt Caramels in Navy Magnetic Box,"Our Magnetic Closure Gift Boxes feature a rich, Navy Blue leather-like finish. Because they are thicker than other gift boxes, they are highly durable and reusable. A hidden magnet holds the lid securely in place. Your logo is foil-stamped in silver or gold on the center of the lid and the box is tied with a matching silver or gold ribbon. Recipients will open their gift to discover some of our most popular gourmet-quality treats... Chocolate Almonds & Sea Salt Caramels, nine-ounces.",18,37,36.7,35.9,35.9,,,,3C,,,,,,,,,,,,,,,,,,,,,,,,,,,,,,
NMB160CA,5,Toffee & Turtles in Navy Magnetic Closure Gift Box,"Our Magnetic Closure Gift Boxes feature a rich, Navy Blue leather-like finish. Because they are thicker than other gift boxes, they are highly durable and reusable. A hidden magnet holds the lid securely in place. Your logo is foil-stamped in silver or gold on the center of the lid and the box is tied with a matching silver or gold ribbon. Recipients will open their gift to discover some of our most popular gourmet-quality treats... English Butter Toffee & Pecan Turtles, eleven-ounces.",18,38.1,37.75,37,37,,,,3C,,,,,,,,,,,,,,,,,,,,,,,,,,,,,,
NMB123CA,5,Navy Magnetic Closure Gift Box with Pecan Turtles,"These mouth-watering pecan turtles taste even better than they appear!ÊIf youÕre like me, your mouth is probably watering right now just looking at them. Specially selected, large, full-flavored pecans are surrounded with rich, creamy caramel, and then drenched with the finest chocolate. TheyÕre totally irresistible! 24 of these delicious turtles are packed in one of our fourteen-ounce navy blue magnetic closure gift boxes. Your logo is foil-stamped in gold or silver with a matching gold or silver bow.",18,33.75,33.4,32.65,32.65,,,,3C,,,,,,,,,,,,,,,,,,,,,,,,,,,,,,
CCT102CA,6,Extra Fancy Jumbo Cashews in Copper Gift Box,"These chic copper gift boxes are a perfect thank-you gift or table favor. Your logo or promotional message is foil-stamped in one of four colors (black, white, blue or red) and the box is tied with a matching satin ribbon. Each box opens to reveal a generous portion of Extra Fancy Jumbo Cashews, five-ounces. If individual shipment is requested, individual mailers are required at an extra charge. Other food options are available, contact factory.",48,,15.25,15.2,15.2,15.15,,,3C,,,,,,,,,,,,,,,,,,,,,,,,,,,,,,
CCT119CA,6,Chocolate Sea Salt Caramels in Copper Gift Box,"These chic copper gift boxes are a perfect thank-you gift or table favor. Your logo or promotional message is foil-stamped in one of four colors (black, white, blue or red) and the box is tied with a matching satin ribbon. Each box opens to reveal 8 Chocolate Sea Salt Caramels, four and three-quarters ounces. If individual shipment is requested, individual mailers are required at an extra charge. Other food options are available, contact factory.",48,,15.25,15.2,15.2,15.15,,,3C,,,,,,,,,,,,,,,,,,,,,,,,,,,,,,
CCT121CA,6,English Butter Toffee in Copper Gift Box,"These chic copper gift boxes are a perfect thank-you gift or table favor. Your logo or promotional message is foil-stamped in one of four colors (black, white, blue or red) and the box is tied with a matching satin ribbon. Each box opens to reveal 12 pieces of English Butter Toffee, five-ounces. If individual shipment is requested, individual mailers are required at an extra charge. Other food options are available, contact factory.",48,,15.25,15.2,15.2,15.15,,,3C,,,,,,,,,,,,,,,,,,,,,,,,,,,,,,
CCT123CA,6,Pecan Turtles in Copper Gift Box,"These chic copper gift boxes are a perfect thank-you gift or table favor. Your logo or promotional message is foil-stamped in one of four colors (black, white, blue or red) and the box is tied with a matching satin ribbon. Each box opens to reveal 12 Pecan Turtles, six-ounces. If individual shipment is requested, individual mailers are required at an extra charge. Other food options are available, contact factory.",48,,15.25,15.2,15.2,15.15,,,3C,,,,,,,,,,,,,,,,,,,,,,,,,,,,,,
CCT124CA,6,Chocolate Covered Almonds in Copper Gift Box,"These chic copper gift boxes are a perfect thank-you gift or table favor. Your logo or promotional message is foil-stamped in one of four colors (black, white, blue or red) and the box is tied with a matching satin ribbon. Each box opens to reveal a generous portion of Chocolate Covered Almonds, five-ounces. If individual shipment is requested, individual mailers are required at an extra charge. Other food options are available, contact factory.",48,,14.15,14.1,14.1,14.05,,,3C,,,,,,,,,,,,,,,,,,,,,,,,,,,,,,
CCT129CA,6,Peppermint Bark in Copper Gift Box,"These chic copper gift boxes are a perfect thank-you gift or table favor. Your logo or promotional message is foil-stamped in one of four colors (black, white, blue or red) and the box is tied with a matching satin ribbon. Each box opens to reveal a generous portion of Peppermint Bark, five-ounces. If individual shipment is requested, individual mailers are required at an extra charge. Other food options are available, contact factory.",48,,15.25,15.2,15.2,15.15,,,3C,,,,,,,,,,,,,,,,,,,,,,,,,,,,,,
CCT141CA,6,Jumbo California Pistachios in Copper Gift Box,"These chic copper gift boxes are a perfect thank-you gift or table favor. Your logo or promotional message is foil-stamped in one of four colors (black, white, blue or red) and the box is tied with a matching satin ribbon. Each box opens to reveal a generous portion of Jumbo California Pistachios, four-ounces. If individual shipment is requested, individual mailers are required at an extra charge. Other food options are available, contact factory.",48,,13.05,13,13,12.95,,,3C,,,,,,,,,,,,,,,,,,,,,,,,,,,,,,
CCT143CA,6,Cocoa Dusted Truffles in Copper Gift Box,"These chic copper gift boxes are a perfect thank-you gift or table favor. Your logo or promotional message is foil-stamped in one of four colors (black, white, blue or red) and the box is tied with a matching satin ribbon. Each box opens to reveal 11 Cocoa Dusted Truffles, three and one-half ounces. If individual shipment is requested, individual mailers are required at an extra charge. Other food options are available, contact factory.",48,,14.15,14.1,14.1,14.05,,,3C,,,,,,,,,,,,,,,,,,,,,,,,,,,,,,
IMC-CTCA,6,Individual Mailing Carton for Classic Treats,Individual mailing carton for Classic Treats,48,,1.65,1.55,1.55,1.35,,,3C,,,,,,,,,,,,,,,,,,,,,,,,,,,,,,
SCT102CA,6,Extra Fancy Jumbo Cashews in Silver Gift Box,"These chic silver gift boxes are a perfect thank-you gift or table favor. Your logo or promotional message is foil-stamped in one of four colors (black, white, blue or red) and the box is tied with a matching satin ribbon. Each box opens to reveal a generous portion of Extra Fancy Jumbo Cashews, five-ounces. If individual shipment is requested, individual mailers are required at an extra charge. Other food options are available, contact factory.",48,,15.25,15.2,15.2,15.15,,,3C,,,,,,,,,,,,,,,,,,,,,,,,,,,,,,
SCT119CA,6,Chocolate Sea Salt Caramels in Silver Gift Box,"These chic silver gift boxes are a perfect thank-you gift or table favor. Your logo or promotional message is foil-stamped in one of four colors (black, white, blue or red) and the box is tied with a matching satin ribbon. Each box opens to reveal 8 Chocolate Sea Salt Caramels, four and three-quarters ounces. If individual shipment is requested, individual mailers are required at an extra charge. Other food options are available, contact factory.",48,,15.25,15.2,15.2,15.15,,,3C,,,,,,,,,,,,,,,,,,,,,,,,,,,,,,
SCT121CA,6,English Butter Toffee in Silver Gift Box,"These chic silver gift boxes are a perfect thank-you gift or table favor. Your logo or promotional message is foil-stamped in one of four colors (black, white, blue or red) and the box is tied with a matching satin ribbon. Each box opens to reveal 12 pieces of English Butter Toffee, five-ounces. If individual shipment is requested, individual mailers are required at an extra charge. Other food options are available, contact factory.",48,,15.25,15.2,15.2,15.15,,,3C,,,,,,,,,,,,,,,,,,,,,,,,,,,,,,
SCT123CA,6,Pecan Turtles in Silver Gift Box,"These chic silver gift boxes are a perfect thank-you gift or table favor. Your logo or promotional message is foil-stamped in one of four colors (black, white, blue or red) and the box is tied with a matching satin ribbon. Each box opens to reveal 12 Pecan Turtles, six-ounces. If individual shipment is requested, individual mailers are required at an extra charge. Other food options are available, contact factory.",48,,15.25,15.2,15.2,15.15,,,3C,,,,,,,,,,,,,,,,,,,,,,,,,,,,,,
SCT124CA,6,Chocolate Covered Almonds in Silver Gift Box,"These chic silver gift boxes are a perfect thank-you gift or table favor. Your logo or promotional message is foil-stamped in one of four colors (black, white, blue or red) and the box is tied with a matching satin ribbon. Each box opens to reveal a generous portion of Chocolate Covered Almonds, five-ounces. If individual shipment is requested, individual mailers are required at an extra charge. Other food options are available, contact factory.",48,,14.15,14.1,14.1,14.05,,,3C,,,,,,,,,,,,,,,,,,,,,,,,,,,,,,
SCT129CA,6,Peppermint Bark in Silver Gift Box,"These chic silver gift boxes are a perfect thank-you gift or table favor. Your logo or promotional message is foil-stamped in one of four colors (black, white, blue or red) and the box is tied with a matching satin ribbon. Each box opens to reveal a generous portion of Peppermint Bark, five-ounces. If individual shipment is requested, individual mailers are required at an extra charge. Other food options are available, contact factory.",48,,15.25,15.2,15.2,15.15,,,3C,,,,,,,,,,,,,,,,,,,,,,,,,,,,,,
SCT141CA,6,Jumbo California Pistachios in Silver Gift Box,"These chic silver gift boxes are a perfect thank-you gift or table favor. Your logo or promotional message is foil-stamped in one of four colors (black, white, blue or red) and the box is tied with a matching satin ribbon. Each box opens to reveal a generous portion of Jumbo California Pistachios, four-ounces. If individual shipment is requested, individual mailers are required at an extra charge. Other food options are available, contact factory.",48,,13.05,13,13,12.95,,,3C,,,,,,,,,,,,,,,,,,,,,,,,,,,,,,
SCT143CA,6,Cocoa Dusted Truffles in Silver Gift Box,"These chic silver gift boxes are a perfect thank-you gift or table favor. Your logo or promotional message is foil-stamped in one of four colors (black, white, blue or red) and the box is tied with a matching satin ribbon. Each box opens to reveal 11 Cocoa Dusted Truffles, three and one-half ounces. If individual shipment is requested, individual mailers are required at an extra charge. Other food options are available, contact factory.",48,,14.15,14.1,14.1,14.05,,,3C,,,,,,,,,,,,,,,,,,,,,,,,,,,,,,
BTB102CA,7,Jumbo Cashews in Black & White Triangular Gift Box,"These stylish Black & White Gift Boxes are guaranteed to make a big impact! They're filled with our famous Extra Fancy Jumbo Cashews, five-ounces. Your logo or promotional message is hot-stamped in white on the front of the gift box complemented by a white satin bow. If individual shipment is requested, individual mailers are required at an extra charge.",48,,15.25,15.2,15.2,15.15,,,3C,,,,,,,,,,,,,,,,,,,,,,,,,,,,,,
BTB121CA,7,English Butter Toffee in Black & White Triangular Gift Box,"These stylish Black & White Gift Boxes are guaranteed to make a big impact! They're filled with twelve pieces of our signature English Butter Toffee. Your logo or promotional message is hot-stamped in white on the front of the gift box complemented by a white satin bow. If individual shipment is requested, individual mailers are required at an extra charge.",48,,15.25,15.2,15.2,15.15,,,3C,,,,,,,,,,,,,,,,,,,,,,,,,,,,,,
BTB124CA,7,Chocolate Almonds in Black & White Triangular Gift Box,"These stylish Black & White Gift Boxes are guaranteed to make a big impact! They're filled with our famous Chocolate Covered Almonds, five-ounces. Your logo or promotional message is hot-stamped in white on the front of the gift box complemented by a white satin bow. If individual shipment is requested, individual mailers are required at an extra charge.",48,,14.15,14.1,14.1,14.05,,,3C,,,,,,,,,,,,,,,,,,,,,,,,,,,,,,
BTB143CA,7,Cocoa Dusted Truffles in Black & White Triangular Gift Box,"These stylish Black & White Gift Boxes are guaranteed to make a big impact! They're filled with eleven Cocoa Dusted Truffles. Your logo or promotional message is hot-stamped in white on the front of the gift box complemented by a white satin bow. If individual shipment is requested, individual mailers are required at an extra charge.",48,,14.15,14.1,14.1,14.05,,,3C,,,,,,,,,,,,,,,,,,,,,,,,,,,,,,
IMC-BTBCA,7,Individual Mailing Carton for Triangular Gift Boxes,Individual mailing carton for Triangular Gift Boxes,48,,1.65,1.55,1.55,1.35,,,3C,,,,,,,,,,,,,,,,,,,,,,,,,,,,,,
K1006CA,8,Toffee & Chocolate Almonds in Wooden Collector's Box,"Our two best-selling chocolates in one deluxe package. Freshly-roasted California almonds are smothered in rich, milk chocolate to create our famous Chocolate Covered Almonds. Alongside we include our signature English Butter Toffee, made the old-fashioned way with plenty of dairy-fresh butter for a richness and flavor that's impossible to find anywhere else. Ten-ounces in all. This masterpiece assortment will delight every chocolate lover!",18,35.9,35.6,34.8,34.8,,,,3C,,,,,,,,,,,,,,,,,,,,,,,,,,,,,,
K116CA,8,Deluxe Mixed Nuts in Wooden Collector's Box,"We hear it over and over again: ""These are the best and freshest nuts that I've ever tasted."" Sure they are... because we roast them in small batches, at exactly the right temperature, then salt them ever-so-lightly to enhance their natural flavor and package them at once in a three-quarter pound gold-foil bag to lock in freshness. Everyone who tastes these spectacular nuts notices the difference, and so will you!",18,32.65,32.3,31.55,31.55,,,,3C,,,,,,,,,,,,,,,,,,,,,,,,,,,,,,
K124CA,8,Chocolate Covered Almonds in Wooden Collector's Box,"We'll tell you flat out: These are the biggest and finest Chocolate Covered Almonds we've ever seen. In fact, they're so superior to what you'll see in stores that your customers and employees will call asking where you found them. Colossal, freshly toasted California almonds are covered in rich chocolate! Over 75 come packed in this three-quarter pound box. What a treat!",18,31.55,31.2,30.45,30.45,,,,3C,,,,,,,,,,,,,,,,,,,,,,,,,,,,,,
RMB939CA,9,Scarlet Magnetic Closure Keepsake Box,"The large, elegant, magnetic closure gift box will be perfect for keeping small treasured items, either in the office or at home. We foil-stamp your logo in gold or silver on the lid of this leather-like box then tie it with a matching gold or silver ribbon. It's filled with an incredible assortment of gourmet treats including Chocolate Sea Salt Caramels, English Butter Toffee, Chocolate Covered Almonds, and Extra Fancy Jumbo Cashews, nearly one and a quarter pounds in all. This gift is guaranteed to bring a smile to their face! Other food combinations are available, contact factory.",12,59.9,59.55,58.8,,,,,3C,,,,,,,,,,,,,,,,,,,,,,,,,,,,,,
NMB914CA,10,Navy Magnetic Closure Keepsake Box,"This large, magnetic closure gift box features a luxurious navy blue leather-like finish and will be a long time reminder of this gourmet gift. Your logo is foil-stamped in silver or gold on the center of the lid and the box is wrapped with a matching silver or gold ribbon. Four of our most popular gourmet selections are packaged inside. When recipients open their gift they'll be treated to our signature English Butter Toffee, rich Pecan Turtles, fresh-roasted Deluxe Mixed Nuts and our legendary Chocolate Covered Almonds, nearly one and a half pounds of our best treats. Other food options are available, contact factory.",12,59.95,59.55,58.8,,,,,3C,,,,,,,,,,,,,,,,,,,,,,,,,,,,,,
WBR3001CA,11,Chocolate Fantasy,"Indulge someone's love of fine chocolate with this sumptuous gift! Three award-winning confections... our signature English Butter Toffee, mouth-watering Pecan Turtles and rich Chocolate Covered Almonds presented in an elegant white pillow-top gift box. It's carefully tied with complementary brown satin ribbon that's foil-stamped with your logo in white.  They'll love you for choosing this sophisticated gift!",12,43.55,43.2,42.45,42.45,,,,3C,,,,,,,,,,,,,,,,,,,,,,,,,,,,,,
WBR3004CA,11,Chocolate Bliss,"Indulge someone's love of fine chocolate with this sumptuous gift! Three award-winning confections... our popular Milk Chocolate Covered Almonds, delicious Pecan Turtles, and chewy, rich Dark Chocolate Sea Salt Caramels presented in an elegant white pillow-top gift box. It's carefully tied with complementary brown satin ribbon that's foil-stamped with your logo in white.  They'll love you for choosing this sophisticated gift!",12,43.55,43.2,42.45,42.45,,,,3C,,,,,,,,,,,,,,,,,,,,,,,,,,,,,,
LB914CA,12,President's Choice,"A truly exclusive keepsake! This black, faux leather keepsake box, with your logo foil-stamped in white or debossed, is practically overflowing with delicacies everyone will be thrilled to receive. Smooth, Milk Chocolate Covered Almonds, mouth-watering Pecan Turtles, crunchy and buttery English Toffee and fresh-roasted Deluxe Mixed Nuts. Nearly one and a half-pounds of gourmet treats! With so many delicious flavors and so many uses, this faux leather gift box will be sure to leave a lasting impression. Other food combinations are available, contact factory.",12,59.9,59.55,58.8,58.8,,,,3C,,,,,,,,,,,,,,,,,,,,,,,,,,,,,,
TR2002CA,13,1920 Tractor-Trailer Truck with Extra Fancy Jumbo Cashews,"Everyone will want to add this 1920 Tractor-Trailer to their collection. The tractor-trailer (13.25"" x 3.25"" x 4.625"") includes your logo or imprint foil-stamped in gold on both sides. We include a package of freshly roasted Extra Fancy Jumbo Cashews, five-ounces. Every recipient of this wooden classic truck will appreciate its craftsmanship and style. Because each truck is made by hand, no two will be identical. Imported.",12,52.25,51.95,51.2,51.2,,,,3C,,,,,,,,,,,,,,,,,,,,,,,,,,,,,,
TR2020CA,13,1920 Tractor-Trailer with Chocolate Almonds & Jumbo Cashews,"Everyone will want to add this 1920 Tractor-Trailer to their collection. The tractor-trailer (13.25"" x 3.25"" x 4.625"") includes your logo or imprint foil-stamped in gold on both sides. We include a package of freshly roasted Extra Fancy Jumbo Cashews, five-ounces and Chocolate Covered Almonds, five-ounces. Every recipient of this wooden classic truck will appreciate its craftsmanship and style. Because each truck is made by hand, no two will be identical. Imported.",12,56.6,56.3,55.55,55.55,,,,3C,,,,,,,,,,,,,,,,,,,,,,,,,,,,,,
TR2024CA,13,1920 Tractor-Trailer Truck with Chocolate Almonds,"Everyone will want to add this 1920 Tractor-Trailer to their collection. The tractor-trailer (13.25"" x 3.25"" x 4.625"") includes your logo or imprint foil-stamped in gold on both sides. We include a package of Chocolate Covered Almonds, five-ounces. Every recipient of this wooden classic truck will appreciate its craftsmanship and style. Because each truck is made by hand, no two will be identical. Imported.",12,51.2,50.85,50.1,50.1,,,,3C,,,,,,,,,,,,,,,,,,,,,,,,,,,,,,
TR102CA,14,Classic Wooden 1925 Stake Truck with Jumbo Cashews,"Recipients will appreciate the style and craftsmanship of our version of a Classic 1925 Stake Truck almost as much as they'll appreciate the cargo! Both sides of the truck feature your imprint foil-stamped in gold. We include Extra Fancy Jumbo Cashews, five-ounces. Truck is imported.",18,40.3,39.95,39.2,39.2,,,,3C,,,,,,,,,,,,,,,,,,,,,,,,,,,,,,
TR120CA,14,Classic 1925 Stake Truck with Cashews & Chocolate Almonds,"Recipients will appreciate the style and craftsmanship of our version of a Classic 1925 Stake Truck almost as much as they'll appreciate the cargo! Both sides of the truck feature your imprint foil-stamped in gold. We include Extra Fancy Jumbo Cashews, five-ounces, and Chocolate Covered Almonds, five-ounces. Truck is imported.",18,44.65,44.3,43.55,43.55,,,,3C,,,,,,,,,,,,,,,,,,,,,,,,,,,,,,
TR124CA,14,Classic Wooden 1925 Stake Truck with Chocolate Almonds,"Recipients will appreciate the style and craftsmanship of our version of a Classic 1925 Stake Truck almost as much as they'll appreciate the cargo! Both sides of the truck feature your imprint foil-stamped in gold. We include Chocolate Covered Almonds, five-ounces. Truck is imported.",18,39.2,38.85,38.1,38.1,,,,3C,,,,,,,,,,,,,,,,,,,,,,,,,,,,,,
TR2124CA,14,1930-Era Tractor Trailer Truck with Chocolate Almonds,"A ""must have"" for all collectors, this 1930-Era Tractor-Trailer will be appreciated by every lucky recipient!ÊThe tractor-trailer features your logo foil-stamped in gold on both sides. We include a package of Chocolate Covered Almonds, five-ounces. Every recipient of this wooden classic truck will appreciate its craftsmanship and style. Because each truck is made by hand, no two will be identical. Quantity is limited so order early!",12,52.25,51.95,51.2,51.2,,,,3C,,,,,,,,,,,,,,,,,,,,,,,,,,,,,,
TR2102CA,14,1930-Era Tractor Trailer Truck with Cashews,"A ""must have"" for all collectors, this 1930-Era Tractor-Trailer will be appreciated by every lucky recipient!ÊThe tractor-trailer features your logo foil-stamped in gold on both sides. We include a package of freshly roasted Extra Fancy Jumbo Cashews, five-ounces. Every recipient of this wooden classic truck will appreciate its craftsmanship and style. Because each truck is made by hand, no two will be identical. Quantity is limited so order early!",12,53.35,53.05,52.25,52.25,,,,3C,,,,,,,,,,,,,,,,,,,,,,,,,,,,,,
TR2120CA,14,1930-Era Tractor Trailer Truck Chocolate Almonds and Cashews,"A ""must have"" for all collectors, this 1930-Era Tractor-Trailer will be appreciated by every lucky recipient!ÊThe tractor-trailer features your logo foil-stamped in gold on both sides. We include a package of Chocolate Covered Almonds and freshly roasted Extra Fancy Jumbo Cashews, five-ounces each. Every recipient of this wooden classic truck will appreciate its craftsmanship and style. Because each truck is made by hand, no two will be identical. Quantity is limited so order early!",12,57.75,57.4,56.65,56.65,,,,3C,,,,,,,,,,,,,,,,,,,,,,,,,,,,,,
BG3565CA,15,Burgundy & Gold Tower of Sweets,"""It's better to give than to receive,"" as the saying goes; but this tower is a great argument for the opposite! It's the perfect way to send your greetings, say ""Thank you"", or show your appreciation! This burgundy and gold tower holds the most sumptuous treats one could ever desire. We start with our signature English Butter Toffee, Cocoa Dusted Truffles, Chocolate Covered Almonds, and Chocolate Sea Salt Caramels; then add Chocolate Sea Salt Caramel Corn and Jumbo Pretzels dipped in Chocolate Ð White, Milk, and Dark. A sheer burgundy ribbon foil-stamped with your logo ties it all together. Serves 9-14.",8,81.7,81.4,80.6,,,,,3C,,,,,,,,,,,,,,,,,,,,,,,,,,,,,,
GS3565CA,15,Gold Striped Tower of Sweets,"""It's better to give than to receive,"" as the saying goes; but this tower is a great argument for the opposite! It's the perfect way to send your greetings, say ""Thank you"", or show your appreciation! This gold striped tower holds the most sumptuous treats one could ever desire. We start with our signature English Butter Toffee, Cocoa Dusted Truffles, Chocolate Covered Almonds, and Chocolate Sea Salt Caramels; then add Chocolate Sea Salt Caramel Corn and Jumbo Pretzels dipped in Chocolate Ð White, Milk, and Dark. A sheer burgundy ribbon foil-stamped with your logo ties it all together. Serves 9-14.",8,81.7,81.4,80.6,,,,,3C,,,,,,,,,,,,,,,,,,,,,,,,,,,,,,
NSF3565CA,15,Navy Snowflake Tower of Sweets,"""It's better to give than to receive,"" as the saying goes; but this tower is a great argument for the opposite! It's the perfect way to send your greetings, say ""Thank you"", or show your appreciation! This snowflake and navy blue tower holds the most sumptuous treats one could ever desire. We start with our signature English Butter Toffee, Cocoa Dusted Truffles, Chocolate Covered Almonds, and Chocolate Sea Salt Caramels; then add Chocolate Sea Salt Caramel Corn and Jumbo Pretzels dipped in Chocolate Ð White, Milk, and Dark. A navy satin ribbon foil-stamped with your logo ties it all together. Serves 9-14.",8,81.7,81.4,80.6,,,,,3C,,,,,,,,,,,,,,,,,,,,,,,,,,,,,,
SN3565CA,15,Silver & Navy Tower of Sweets,"""It's better to give than to receive,"" as the saying goes; but this tower is a great argument for the opposite! It's the perfect way to send your greetings, say ""Thank you"", or show your appreciation! This silver & navy tower holds the most sumptuous treats one could ever desire. We start with our signature English Butter Toffee, Cocoa Dusted Truffles, Chocolate Covered Almonds, and Chocolate Sea Salt Caramels; then add Chocolate Sea Salt Caramel Corn and Jumbo Pretzels dipped in Chocolate Ð White, Milk, and Dark. A navy blue ribbon foil-stamped with your logo ties it all together. Serves 9-14.",8,81.7,81.4,80.6,,,,,3C,,,,,,,,,,,,,,,,,,,,,,,,,,,,,,
BG2910CA,16,Burgundy & Gold Tower of Favorites,"Four gourmet favorites in one festive tower. We start with our signature English Butter Toffee, made with plenty of dairy-fresh butter, rich chocolate and California Almonds; then add a dozen scrumptious Pecan Turtles with creamy caramel centers and hand-picked Pecans, Extra Fancy Cashews that are freshly roasted and lightly salted; and finally, Gourmet Chocolate Sea Salt Caramel Corn. This Tower of Favorites is available in our Burgundy & Gold design with burgundy ribbon and gold imprint. Wow! What a treat! Serves 7-10.",12,59.9,59.6,58.8,,,,,3C,,,,,,,,,,,,,,,,,,,,,,,,,,,,,,
BLK2910CA,16,Black & Silver Tower of Favorites,"Four gourmet favorites in one festive tower. We start with our signature English Butter Toffee, made with plenty of dairy-fresh butter, rich chocolate and California Almonds; then add a dozen scrumptious Pecan Turtles with creamy caramel centers and hand-picked Pecans, Extra Fancy Cashews that are freshly roasted and lightly salted; and finally, Gourmet Chocolate Sea Salt Caramel Corn. This Tower of Favorites is available in our Black & Silver design with black ribbon and silver imprint. Wow! What a treat! Serves 7-10.",12,59.9,59.6,58.8,,,,,3C,,,,,,,,,,,,,,,,,,,,,,,,,,,,,,
GS2910CA,16,Gold Striped Tower of Favorites,"Four gourmet favorites in one festive tower. We start with our signature English Butter Toffee, made with plenty of dairy-fresh butter, rich chocolate and California Almonds; then add a dozen scrumptious Pecan Turtles with creamy caramel centers and hand-picked Pecans, Extra Fancy Cashews that are freshly roasted and lightly salted; and finally, Gourmet Chocolate Sea Salt Caramel Corn. This Tower of Favorites is available in our Gold-Striped pattern with burgundy ribbon and gold imprint. Wow! What a treat! Serves 7-10.",12,59.9,59.6,58.8,,,,,3C,,,,,,,,,,,,,,,,,,,,,,,,,,,,,,
SN567CA,17,Silver & Navy Tower of Treats,"This sparkling festive tower contains an excellent assortment of gourmet treats that's guaranteed to please one and all! We include fresh-roasted Extra Fancy Jumbo Cashews, our legendary Chocolate Covered Almonds, Chocolate Covered Peanuts, White Frosted Pretzels and Chocolate Sea Salt Caramel Corn. It's almost too beautiful to open, but imagining what's inside is too much temptation for anyone! Your logo is foil-stamped in silver on the navy satin ribbon. Serves 10-15.",12,65.35,65,64.25,,,,,3C,,,,,,,,,,,,,,,,,,,,,,,,,,,,,,
G6018SBCA,18,Golden Delights Tower in Burgundy,"This golden tower is nearly overflowing with an expertly balanced combination of sweet and salty flavors to satisfy every recipient.ÊIt features an assortment of traditional favorites: delicious Chocolate Covered Almonds, Cocoa Dusted Truffles, Almond Pecan Caramel Corn, Seasoned Pretzels, Chocolate Covered Oreos¨; and for the final touch, two pieces of Godiva¨ Chocolate. Your logo is foil-stamped in gold on the ribbon of your choice: sheer burgundy or ivory satin. This is a scrumptious selection that is sure to delight all who are lucky enough to receive it! Serves 8-12.",8,76.25,75.95,75.2,,,,,3C,,,,,,,,,,,,,,,,,,,,,,,,,,,,,,
G6018ICA,18,Golden Delights Tower in Ivory,"This golden tower is nearly overflowing with an expertly balanced combination of sweet and salty flavors to satisfy every recipient.ÊIt features an assortment of traditional favorites: delicious Chocolate Covered Almonds, Cocoa Dusted Truffles, Almond Pecan Caramel Corn, Seasoned Pretzels, Chocolate Covered Oreos¨; and for the final touch, two pieces of Godiva¨ Chocolate. Your logo is foil-stamped in gold on the ribbon of your choice: sheer burgundy or ivory satin. This is a scrumptious selection that is sure to delight all who are lucky enough to receive it! Serves 8-12.",8,76.25,75.95,75.2,,,,,3C,,,,,,,,,,,,,,,,,,,,,,,,,,,,,,
NPT3567CA,19,"Navy ""Park Avenue"" Tower of Sweets","Rich navy gift boxes with white pillow-top lids give these towers a real ""Park Avenue"" feel. You won't find towers like this anywhere! We start with our signature English Butter Toffee made with plenty of dairy-fresh butter, then add Pecan Turtles, our legendary Chocolate Covered Almonds, Cocoa Dusted Truffles, fresh-roasted Deluxe Mixed Nuts, and Chocolate Sea Salt Caramel Corn. We tie these beautiful gift boxes together with a matching navy blue ribbon foil-stamped in white with your logo. When we say ""Park Avenue"" we mean ""Park Avenue""! Serves 12-16.",8,87.15,86.8,86.05,,,,,3C,,,,,,,,,,,,,,,,,,,,,,,,,,,,,,
RPT3567CA,19,"""Park Avenue"" Tower of Sweets in Red","Rich red gift boxes with white pillow-top lids give these towers a real ""Park Avenue"" feel.ÊYou won't find towers like this anywhere! We start with our signature English Butter Toffee made with plenty of dairy-fresh butter, then add Pecan Turtles, our legendary Chocolate Covered Almonds, Cocoa Dusted Truffles, fresh-roasted Deluxe Mixed Nuts, and Chocolate Sea Salt Caramel Corn. We tie these beautiful gift boxes together with a white satin ribbon foil-stamped in red with your logo. When we say ""Park Avenue"" we mean ""Park Avenue""! Serves 12-16.",8,76.25,75.95,75.2,,,,,3C,,,,,,,,,,,,,,,,,,,,,,,,,,,,,,
NSF2715CA,20,Gourmet Snowflake Tower,"This gourmet tower is packed with an abundance of luscious gourmet treats guaranteed to bring plenty of smiles! We begin with creamy Peppermint Bark and our famous Chocolate Covered Almonds, then add fresh-roasted Extra Fancy Jumbo Cashews and rich Chocolate Covered Peanuts for a true, gourmet treat. The navy blue satin ribbon is foil-stamped in silver with your logo. You will generate lots of smiles with this tasty gourmet gift! Serves 7-10.",12,54.45,54.1,53.35,,,,,3C,,,,,,,,,,,,,,,,,,,,,,,,,,,,,,
GS275CA,20,Gold Rush Tower,"A beautiful and tasteful way to show your appreciation to customers and employees! This elegant golden-striped tower is filled with four taste tempting treats: five-ounces of our famous Chocolate Covered Almonds, six-ounces of mouth-watering Pecan Turtles, one-half pound of Chocolate Covered Raisins and five-ounces of fresh-roasted Deluxe Mixed Nuts. All are wrapped together with a sheer burgundy ribbon foil-stamped with your logo or imprint. Serves 7-10.",12,54.45,54.1,53.35,,,,,3C,,,,,,,,,,,,,,,,,,,,,,,,,,,,,,
NC503CA,21,Majestic Nutcracker Tower,"This whimsical piece will bring a smile to the face of every recipient! He's filled with a wide array of gourmet treats, so there's plenty to share with associates or family and friends. After the treats have been enjoyed, he makes a great holiday centerpiece. Serves 12-18.",6,108.95,107.85,106.75,,,,,3C,,,,,,,,,,,,,,,,,,,,,,,,,,,,,,
NC504CA,21,Standard Majestic Nutcracker Tower,"This whimsical piece will bring a smile to the face of every recipient!ÊHeÕs filled with a wide array of gourmet treats, so thereÕs plenty to share with associates or family and friends. After the treats have been enjoyed, he makes a great holiday centerpiece. Serves 6-8.",6,54.45,54.1,53.35,,,,,3C,,,,,,,,,,,,,,,,,,,,,,,,,,,,,,
CRH6902BCA,22,Epicurean Feast,"Reward those who deserve it most with this wide array of gourmet favorites. Our hammered metal tub (13.5"" x 7.5"" x 6"") is overflowing with delicious treats, and thereÕs something for everyone to share. To add special elegance, we wrap the entire basket with a festive, decorative cello and tie it with your choice of ribbon (foil-stamped in silver with your logo).  ItÕs a gift theyÕll enjoy at once and remember throughout the year.",6,108.95,107.85,,,,,,2C,,,,,,,,,,,,,,,,,,,,,,,,,,,,,,
CL1001CA,24,Milk Chocolate Dipped Pretzel,"Crunchy, jumbo pretzels are hand-dipped in rich, premium milk chocolate, then drizzled with contrasting stripes to create a delicious sweet and salty sensation.",300,,,,,,2.3,2.15,2C,,,,,,,,,,,,,,,,,,,,,,,,,,,,,,
CL1003CA,24,White Chocolate Dipped Pretzel,"Crunchy, jumbo pretzels are hand-dipped in rich, premium white chocolate, then drizzled with contrasting stripes to create a delicious sweet and salty sensation.",300,,,,,,2.3,2.15,2C,,,,,,,,,,,,,,,,,,,,,,,,,,,,,,
CL1101CA,24,Milk Chocolate Covered Oreo Cookie,"Real Oreo¨ cookies are drenched in smooth, premium milk chocolate, then drizzled with contrasting stripes to create a sweet flavor sensation.",300,,,,,,2.3,2.15,2C,,,,,,,,,,,,,,,,,,,,,,,,,,,,,,
CL1102CA,24,Dark Chocolate Covered Oreo Cookie,"Real Oreo¨ cookies are drenched in smooth, premium dark chocolate, then drizzled with contrasting stripes to create a sweet flavor sensation.",300,,,,,,2.3,2.15,2C,,,,,,,,,,,,,,,,,,,,,,,,,,,,,,
CL1502CA,24,Chocolate Covered Almonds,"Our most popular confection! Colossal, freshly-toasted California almonds are covered in rich, milk chocolate. Bet you can't eat just one!",300,,,,,,2.3,2.15,2C,,,,,,,,,,,,,,,,,,,,,,,,,,,,,,
CL1503CA,24,Cranberry Walnut Trail Mix,"Tart, dried cranberries add a tangy note to this healthy, energizing snack mix that includes toasted walnuts wrapped in a sweet sesame seed glaze.",300,,,,,,2.3,2.15,2C,,,,,,,,,,,,,,,,,,,,,,,,,,,,,,