name,sku,parent_sku,description,metadata,category_names,tag_names,quantities,list_prices,discount_codes,net_prices,image_url
"""1935-Era Delivery Truck with Chocolate Covered Almonds""","""TR2824CA""","""TR2824CA""","""** Available for shipment Fall of 2018. A slot in the lid allows this 1935-Era Delivery Truck to be conveniently used as a coin bank for loose change. Handcrafted and carefully painted, it features your logo foil-stamped in gold on both sides of the delivery truck. For a delicious accompaniment we include five-ounces of Chocolate Covered Almonds. Limited edition.""","{""dimensions"":""11\"" x 3.5625\"" x 5\"""",""imprint details"":""Price includes your imprint foil-stamped in gold on both sides of delivery truck."",""imprint dimensions"":""2\"" x 0.75\"""",""production time"":""5 working days."",""kosher"":true,""new"":true,""ship weight"":""6 lbs each; 36 lbs per case of 6"",""discount codes"":""4C""}","[""Vehicles""]",,"[12,48,96,240]","[66.45,66.15,65.35,65.35]","""CCCC""",,"""https://s3.amazonaws.com/maple-images/TR2824_NoBkgd.jpg"""
"""Bite-Sized Lemon Meringue Cookies in Blue Premium Delights Gift Box""","""BPD181CA""","""BPD181CA""","""These gourmet bite-sized lemon meringue cookies were created by our chef, who received his degrees in Culinary Baking & Pastry Arts from the Culinary Institute of America, widely regarded as the finest culinary school in the world. Approximately 50 cookies come packed in a metallic blue gift box imprinted with your logo in silver and complete with a silver bow.""","{""dimensions"":""3.5\"" x 2\"" x 6\"""",""imprint details"":""Price includes imprint foil-stamped in silver on gift box."",""imprint dimensions"":""2\"" x 2\"""",""production time"":""5 working days."",""kosher"":true,""new"":true,""ship weight"":""1 lbs each; 28 lbs per case of 48"",""discount codes"":""5C""}","[""Bakery Gifts""]",,"[24,48,96,240,480]","[12.0,12.0,11.95,11.95,11.9]","""CCCCC""",,"""https://s3.amazonaws.com/maple-images/BPD181_NoBkgd.jpg"""
"""Bite-Sized Butter Toffee Pecan Cookies in Blue Premium Delights Gift Box""","""BPD182CA""","""BPD182CA""","""These gourmet bite-sized butter toffee pecan cookies were created by our chef, who received his degrees in Culinary Baking & Pastry Arts from the Culinary Institute of America, widely regarded as the finest culinary school in the world. Approximately 50 cookies come packed in a metallic blue gift box imprinted with your logo in silver and complete with a silver bow.""","{""dimensions"":""3.5\"" x 2\"" x 6\"""",""imprint details"":""Price includes imprint foil-stamped in silver on gift box."",""imprint dimensions"":""2\"" x 2\"""",""production time"":""5 working days."",""kosher"":true,""new"":true,""ship weight"":""1 lbs each; 28 lbs per case of 48"",""discount codes"":""5C""}","[""Bakery Gifts""]",,"[24,48,96,240,480]","[12.0,12.0,11.95,11.95,11.9]","""CCCCC""",,"""https://s3.amazonaws.com/maple-images/BPD182_NoBkgd.jpg"""
"""Bite-Sized Cranberry Shortbread Cookies in Blue Premium Delights Gift Box""","""BPD183CA""","""BPD183CA""","""These gourmet bite-sized cranberry shortbread cookies were created by our chef, who received his degrees in Culinary Baking & Pastry Arts from the Culinary Institute of America, widely regarded as the finest culinary school in the world. Approximately 20 cookies come packed in a metallic blue gift box imprinted with your logo in silver and complete with a silver bow.""","{""dimensions"":""3.5\"" x 2\"" x 6\"""",""imprint details"":""Price includes imprint foil-stamped in silver on gift box."",""imprint dimensions"":""2\"" x 2\"""",""production time"":""5 working days."",""kosher"":true,""new"":true,""ship weight"":""1 lbs each; 28 lbs per case of 48"",""discount codes"":""5C""}","[""Bakery Gifts""]",,"[24,48,96,240,480]","[12.0,12.0,11.95,11.95,11.9]","""CCCCC""",,"""https://s3.amazonaws.com/maple-images/BPD183_NoBkgd.jpg"""
"""Bite-Sized Snickerdoodle Crisp Cookies in Blue Premium Delights Gift Box""","""BPD185CA""","""BPD185CA""","""These gourmet bite-sized snickerdoodle crisp cookies were created by our chef, who received his degrees in Culinary Baking & Pastry Arts from the Culinary Institute of America, widely regarded as the finest culinary school in the world. Approximately 20 cookies come packed in a metallic blue gift box imprinted with your logo in silver and complete with a silver bow.""","{""dimensions"":""3.5\"" x 2\"" x 6\"""",""imprint details"":""Price includes imprint foil-stamped in silver on gift box."",""imprint dimensions"":""2\"" x 2\"""",""production time"":""5 working days."",""kosher"":true,""new"":true,""ship weight"":""1 lbs each; 28 lbs per case of 48"",""discount codes"":""5C""}","[""Bakery Gifts""]",,"[24,48,96,240,480]","[12.0,12.0,11.95,11.95,11.9]","""CCCCC""",,"""https://s3.amazonaws.com/maple-images/BPD185_NoBkgd.jpg"""
"""Bite-Sized Mixed Berry Tea Cookies in Blue Premium Delights Gift Box""","""BPD188CA""","""BPD188CA""","""These gourmet bite-sized mixed berry tea cookies were created by our chef, who received his degrees in Culinary Baking & Pastry Arts from the Culinary Institute of America, widely regarded as the finest culinary school in the world. Approximately 20 cookies come packed in a metallic blue gift box imprinted with your logo in silver and complete with a silver bow.""","{""dimensions"":""3.5\"" x 2\"" x 6\"""",""imprint details"":""Price includes imprint foil-stamped in silver on gift box."",""imprint dimensions"":""2\"" x 2\"""",""production time"":""5 working days."",""kosher"":true,""new"":true,""ship weight"":""1 lbs each; 28 lbs per case of 48"",""discount codes"":""5C""}","[""Bakery Gifts""]",,"[24,48,96,240,480]","[12.0,12.0,11.95,11.95,11.9]","""CCCCC""",,"""https://s3.amazonaws.com/maple-images/BPD188_NoBkgd.jpg"""
"""Extra Fancy Jumbo Cashews in Black & White Triangular Box""","""BTB102CA""","""BTB102CA""","""These stylish Black & White Gift Boxes are guaranteed to make a big impact! They're filled with our famous Extra Fancy Jumbo Cashews, five-ounces. Your logo or promotional message is hot-stamped in white on the front of the gift box complemented by a white satin bow.""","{""dimensions"":""6\"" x 2.25\"" x 4.875\"""",""imprint details"":""Price includes imprint foil-stamped in white on gift box."",""imprint dimensions"":""3\"" x 1.5\"""",""production time"":""5 working days."",""kosher"":false,""new"":false,""ship weight"":""1 lbs each; 32 lbs per case of 24"",""discount codes"":""5C""}","[""Gift Boxes""]",,"[24,48,96,240,480]","[14.2,14.2,14.15,14.15,14.1]","""CCCCC""",,"""https://s3.amazonaws.com/maple-images/BTB102_NoBkgd.jpg"""
"""English Butter Toffee in Black & White Triangular Box""","""BTB121CA""","""BTB121CA""","""These stylish Black & White Gift Boxes are guaranteed to make a big impact! They're filled with twelve pieces of our signature English Butter Toffee, five-ounces. Your logo or promotional message is hot-stamped in white on the front of the gift box complemented by a white satin bow.""","{""dimensions"":""6\"" x 2.25\"" x 4.875\"""",""imprint details"":""Price includes imprint foil-stamped in white on gift box."",""imprint dimensions"":""3\"" x 1.5\"""",""production time"":""5 working days."",""kosher"":false,""new"":false,""ship weight"":""1 lbs each; 32 lbs per case of 24"",""discount codes"":""5C""}","[""Gift Boxes""]",,"[24,48,96,240,480]","[15.25,15.25,15.25,15.25,15.15]","""CCCCC""",,"""https://s3.amazonaws.com/maple-images/BTB121_NoBkgd.jpg"""
"""Chocolate Covered Almonds in Black & White Triangular Box""","""BTB124CA""","""BTB124CA""","""These stylish Black & White Gift Boxes are guaranteed to make a big impact! They're filled with our famous Chocolate Covered Almonds, five-ounces. Your logo or promotional message is hot-stamped in white on the front of the gift box complemented by a white satin bow.""","{""dimensions"":""6\"" x 2.25\"" x 4.875\"""",""imprint details"":""Price includes imprint foil-stamped in white on gift box."",""imprint dimensions"":""3\"" x 1.5\"""",""production time"":""5 working days."",""kosher"":true,""new"":false,""ship weight"":""1 lbs each; 32 lbs per case of 24"",""discount codes"":""5C""}","[""Gift Boxes""]",,"[24,48,96,240,480]","[14.2,14.2,14.15,14.15,14.1]","""CCCCC""",,"""https://s3.amazonaws.com/maple-images/BTB124_NoBkgd.jpg"""
"""Cocoa Dusted Truffles in Black & White Triangular Box""","""BTB143CA""","""BTB143CA""","""These stylish Black & White Gift Boxes are guaranteed to make a big impact! They're filled with 11 Cocoa Dusted Truffles, three and one-half-ounces. Your logo or promotional message is hot-stamped in white on the front of the gift box complemented by a white satin bow.""","{""dimensions"":""6\"" x 2.25\"" x 4.875\"""",""imprint details"":""Price includes imprint foil-stamped in white on gift box."",""imprint dimensions"":""3\"" x 1.5\"""",""production time"":""5 working days."",""kosher"":false,""new"":false,""ship weight"":""1 lbs each; 32 lbs per case of 24"",""discount codes"":""5C""}","[""Gift Boxes""]",,"[24,48,96,240,480]","[15.25,15.25,15.25,15.25,15.15]","""CCCCC""",,"""https://s3.amazonaws.com/maple-images/BTB143_NoBkgd.jpg"""
"""Extra Fancy Jumbo Cashews in Copper Classic Treats Gift Box""","""CCT102CA""","""CCT102CA""","""These jumbo, great tasting, freshly roasted, extra fancy cashews are some of the very finest in the world. We roast them carefully to make sure they are extra crunchy, then lightly salt them to bring out that real, honest-to-goodness flavor. Cashews are a great source of magnesium, selenium, zinc and iron. The copper gift box is foil-stamped in your choice of black, white, blue, or red and tied with a matching satin ribbon and bow. Each box contains five-ounces.""","{""dimensions"":""3.625\"" x 3.625\"" x 3.75\"""",""imprint details"":""Price includes imprint foil-stamped in one of four colors on gift box."",""imprint dimensions"":""2\"" x 1.5\"""",""production time"":""5 working days."",""kosher"":false,""new"":false,""ship weight"":""1 lbs each; 48 lbs per case of 48"",""discount codes"":""5C""}","[""Gift Boxes""]",,"[24,48,96,240,480]","[16.35,16.35,16.3,16.3,16.25]","""CCCCC""",,"""https://s3.amazonaws.com/maple-images/CCT102_NoBkgd.jpg"""
"""Chocolate Sea Salt Caramels in Copper Classic Treats Gift Box""","""CCT119CA""","""CCT119CA""","""These Sea Salt Caramels are a harmonious blend of complex flavors�soft, buttery caramel, made with dairy fresh cream, is enrobed in rich, dark chocolate; then dusted with a delicate sprinkling of sea salt to create a bold flavor sensation. We are sure you will enjoy this exquisite treat. The copper gift box is foil-stamped in your choice of black, white, blue, or red and tied with a matching satin ribbon and bow. Each box contains 8 caramels.""","{""dimensions"":""3.625\"" x 3.625\"" x 3.75\"""",""imprint details"":""Price includes imprint foil-stamped in one of four colors on gift box."",""imprint dimensions"":""2\"" x 1.5\"""",""production time"":""5 working days."",""kosher"":false,""new"":false,""ship weight"":""1 lbs each; 48 lbs per case of 48"",""discount codes"":""5C""}","[""Gift Boxes""]",,"[24,48,96,240,480]","[17.45,17.45,17.4,17.4,17.35]","""CCCCC""",,"""https://s3.amazonaws.com/maple-images/CCT119_NoBkgd.jpg"""
"""English Butter Toffee in Copper Classic Treats Gift Box""","""CCT121CA""","""CCT121CA""","""Our English Butter Toffee is crafted in small batches from a perfect blend of freshly toasted California almonds, sweet creamery butter and pure cane sugar. It is covered with a generous layer of rich milk chocolate and sprinkled with crushed almonds creating a buttery, crunchy, wonderful taste sensation. The copper gift box is foil-stamped in your choice of black, white, blue, or red and tied with a matching satin ribbon and bow. Each box contains 12 pieces of toffee.""","{""dimensions"":""3.625\"" x 3.625\"" x 3.75\"""",""imprint details"":""Price includes imprint foil-stamped in one of four colors on gift box."",""imprint dimensions"":""2\"" x 1.5\"""",""production time"":""5 working days."",""kosher"":false,""new"":false,""ship weight"":""1 lbs each; 48 lbs per case of 48"",""discount codes"":""5C""}","[""Gift Boxes""]",,"[24,48,96,240,480]","[17.45,17.45,17.4,17.4,17.35]","""CCCCC""",,"""https://s3.amazonaws.com/maple-images/CCT121_NoBkgd.jpg"""
"""Pecan Turtles in Copper Classic Treats Gift Box""","""CCT123CA""","""CCT123CA""","""These classic Pecan Turtles are simply the best! We slow cook our caramel in a large copper kettle until it is golden and delicious, drop it onto a bed of roasted, lightly salted, hand-picked pecans and then enrobe this combination in our special blend of milk chocolate! The copper gift box is foil-stamped in your choice of black, white, blue, or red and tied with a matching satin ribbon and bow. Each box contains 12 turtles.""","{""dimensions"":""3.625\"" x 3.625\"" x 3.75\"""",""imprint details"":""Price includes imprint foil-stamped in one of four colors on gift box."",""imprint dimensions"":""2\"" x 1.5\"""",""production time"":""5 working days."",""kosher"":true,""new"":false,""ship weight"":""1 lbs each; 48 lbs per case of 48"",""discount codes"":""5C""}","[""Gift Boxes""]",,"[24,48,96,240,480]","[17.45,17.45,17.4,17.4,17.35]","""CCCCC""",,"""https://s3.amazonaws.com/maple-images/CCT123_NoBkgd.jpg"""
"""Chocolate Covered Almonds in Copper Classic Treats Gift Box""","""CCT124CA""","""CCT124CA""","""These Milk Chocolate Covered Almonds are made with real cocoa. By combining the rich flavor of premium chocolate with toasted California almonds that are high in fiber and loaded with vitamin E, we�ve created a delicious healthy snack that you can enjoy without feeling guilty. The copper gift box is foil-stamped in your choice of black, white, blue, or red and tied with a matching satin ribbon and bow. Each box contains five-ounces.""","{""dimensions"":""3.625\"" x 3.625\"" x 3.75\"""",""imprint details"":""Price includes imprint foil-stamped in one of four colors on gift box."",""imprint dimensions"":""2\"" x 1.5\"""",""production time"":""5 working days."",""kosher"":true,""new"":false,""ship weight"":""1 lbs each; 48 lbs per case of 48"",""discount codes"":""5C""}","[""Gift Boxes""]",,"[24,48,96,240,480]","[16.35,16.35,16.3,16.3,16.25]","""CCCCC""",,"""https://s3.amazonaws.com/maple-images/CCT124_NoBkgd.jpg"""
"""Peppermint Bark in Copper Classic Treats Gift Box""","""CCT129CA""","""CCT129CA""","""Our Peppermint Bark adds a delightful twist to the classic candy cane. We begin with a delicious, creamy confection on top of a layer of dark chocolate, then add a touch of genuine peppermint oil and a generous sprinkling of real candy cane bits. Just break into pieces to share and enjoy! The copper gift box is foil-stamped in your choice of black, white, blue, or red and tied with a matching satin ribbon and bow. Each box contains five-ounces.""","{""dimensions"":""3.625\"" x 3.625\"" x 3.75\"""",""imprint details"":""Price includes imprint foil-stamped in one of four colors on gift box."",""imprint dimensions"":""2\"" x 1.5\"""",""production time"":""5 working days."",""kosher"":false,""new"":false,""ship weight"":""1 lbs each; 48 lbs per case of 48"",""discount codes"":""5C""}","[""Gift Boxes""]",,"[24,48,96,240,480]","[18.55,18.55,18.5,18.5,18.45]","""CCCCC""",,"""https://s3.amazonaws.com/maple-images/CCT129_NoBkgd.jpg"""
"""Jumbo California Pistachios in Copper Classic Treats Gift Box""","""CCT141CA""","""CCT141CA""","""If you love extraordinary pistachios, you�ll not only appreciate these, you won�t be able to stop eating them. These are the exceptionally flavorful �new crop� pistachios, straight from California, packed fresh and crunchy for your enjoyment. Pistachios contain iron, protein and high levels of magnesium, which helps lower blood pressure. The copper gift box is foil-stamped in your choice of black, white, blue, or red and tied with a matching satin ribbon and bow. Each box contains four-ounces.""","{""dimensions"":""3.625\"" x 3.625\"" x 3.75\"""",""imprint details"":""Price includes imprint foil-stamped in one of four colors on gift box."",""imprint dimensions"":""2\"" x 1.5\"""",""production time"":""5 working days."",""kosher"":false,""new"":false,""ship weight"":""1 lbs each; 48 lbs per case of 48"",""discount codes"":""5C""}","[""Gift Boxes""]",,"[24,48,96,240,480]","[15.25,15.25,15.25,15.25,15.15]","""CCCCC""",,"""https://s3.amazonaws.com/maple-images/CCT141_NoBkgd-DS.jpg"""
"""Cocoa Dusted Truffles in Copper Classic Treats Gift Box""","""CCT143CA""","""CCT143CA""","""Crafted in the centuries-old tradition of Europe's finest chocolatiers, our rich, creamy truffles offer the ultimate in chocolate enjoyment. Each decadent center is carefully blended for supreme smoothness, then gently dusted with premium cocoa to create a soft, sophisticated finish. The copper gift box is foil-stamped in your choice of black, white, blue, or red and tied with a matching satin ribbon and bow. Each box contains 11 truffles.""","{""dimensions"":""3.625\"" x 3.625\"" x 3.75\"""",""imprint details"":""Price includes imprint foil-stamped in one of four colors on gift box."",""imprint dimensions"":""2\"" x 1.5\"""",""production time"":""5 working days."",""kosher"":false,""new"":false,""ship weight"":""1 lbs each; 48 lbs per case of 48"",""discount codes"":""5C""}","[""Gift Boxes""]",,"[24,48,96,240,480]","[16.35,16.35,16.3,16.3,16.25]","""CCCCC""",,"""https://s3.amazonaws.com/maple-images/CCT143_NoBkgd-DS.jpg"""
"""Milk Chocolate Dipped Pretzel""","""CL1001CA""","""CL1001CA""","""Crunchy, jumbo pretzels are hand-dipped in rich, premium milk chocolate, then drizzled with contrasting stripes to create a delicious sweet and salty sensation.""","{""dimensions"":""4.75\"" x 3.5\"""",""imprint details"":""Price includes 4-color process imprint on 2-inch round label."",""imprint dimensions"":"""",""production time"":""5 working days."",""kosher"":true,""new"":false,""ship weight"":"" lbs each;  lbs per case of 300"",""discount codes"":""2C""}","[""Individually Labeled Gourmet Treats""]",,"[300,600]","[2.3,2.2]","""CC""",,"""https://s3.amazonaws.com/maple-images/CL1001_NoBkgd.jpg"""
"""White Chocolate Dipped Pretzel""","""CL1003CA""","""CL1003CA""","""Crunchy, jumbo pretzels are hand-dipped in rich, premium white chocolate, then drizzled with contrasting stripes to create a delicious sweet and salty sensation.""","{""dimensions"":""4.75\"" x 3.5\"""",""imprint details"":""Price includes 4-color process imprint on 2-inch round label."",""imprint dimensions"":"""",""production time"":""5 working days."",""kosher"":true,""new"":false,""ship weight"":"" lbs each;  lbs per case of 300"",""discount codes"":""2C""}","[""Individually Labeled Gourmet Treats""]",,"[300,600]","[2.3,2.2]","""CC""",,"""https://s3.amazonaws.com/maple-images/CL1003_NoBkgd.jpg"""
"""Milk Chocolate Covered Oreo� Cookie""","""CL1101CA""","""CL1101CA""","""Real Oreo� cookies are drenched in smooth, premium milk chocolate, then drizzled with contrasting stripes to create a sweet flavor sensation.""","{""dimensions"":""3.5\"" x 2.5\"""",""imprint details"":""Price includes 4-color process imprint on 1.25-inch round label."",""imprint dimensions"":"""",""production time"":""5 working days."",""kosher"":true,""new"":false,""ship weight"":"" lbs each;  lbs per case of 300"",""discount codes"":""2C""}","[""Individually Labeled Gourmet Treats""]",,"[300,600]","[2.3,2.2]","""CC""",,"""https://s3.amazonaws.com/maple-images/CL1101_NoBkgd.jpg"""
"""Dark Chocolate Covered Oreo� Cookie""","""CL1102CA""","""CL1102CA""","""Real Oreo� cookies are drenched in smooth, premium dark chocolate, then drizzled with contrasting stripes to create a sweet flavor sensation.""","{""dimensions"":""3.5\"" x 2.5\"""",""imprint details"":""Price includes 4-color process imprint on 1.25-inch round label."",""imprint dimensions"":"""",""production time"":""5 working days."",""kosher"":true,""new"":false,""ship weight"":"" lbs each;  lbs per case of 300"",""discount codes"":""2C""}","[""Individually Labeled Gourmet Treats""]",,"[300,600]","[2.3,2.2]","""CC""",,"""https://s3.amazonaws.com/maple-images/CL1102_NoBkgd.jpg"""
"""Chocolate Covered Almonds""","""CL1502CA""","""CL1502CA""","""Now you can get the same premium chocolates for your promotional needs that you are used to having in your gourmet food gifts. 1.25-ounces of colossal, freshly toasted California almonds are covered in rich milk chocolate. Bet you can't eat just one!""","{""dimensions"":""5.25\"" x 3.25\"""",""imprint details"":""Price includes 4-color process imprint on 2-inch round label."",""imprint dimensions"":"""",""production time"":""5 working days."",""kosher"":true,""new"":false,""ship weight"":"" lbs each;  lbs per case of 300"",""discount codes"":""2C""}","[""Individually Labeled Gourmet Treats""]",,"[300,600]","[2.3,2.2]","""CC""",,"""https://s3.amazonaws.com/maple-images/CL1502_NoBkgd.jpg"""
"""Cranberry Walnut Trail Mix""","""CL1503CA""","""CL1503CA""","""Now you can get the same delicious treats for your promotional needs that you are used to having in your gourmet food gifts. Tart, dried cranberries add a tangy note to this healthy, robust and energizing snack mix that includes toasted walnuts wrapped in a sweet sesame seed glaze, 1.25-ounces in total.""","{""dimensions"":""5.25\"" x 3.25\"""",""imprint details"":""Price includes 4-color process imprint on 2-inch round label."",""imprint dimensions"":"""",""production time"":""5 working days."",""kosher"":true,""new"":false,""ship weight"":"" lbs each;  lbs per case of 300"",""discount codes"":""2C""}","[""Individually Labeled Gourmet Treats""]",,"[300,600]","[2.3,2.2]","""CC""",,"""https://s3.amazonaws.com/maple-images/CL1503_NoBkgd.jpg"""
"""Bite-Sized Delights""","""CRH7305CA""","""CRH7305CA""","""These cookies were created by our chef, who received his degrees in Culinary Baking and Pastry Arts from the Culinary Institute of America, widely regarded as the finest culinary school in the world. This wooden crate (Made in USA) is firebranded with your logo and packed with over 50 gourmet bite-sized cookies in 3 different flavors: Chocolate and Snickerdoodle Artisan Crisps, and Key Lime Tea Cookies. After the delicious cookies have been enjoyed, the basswood crate will be a lasting reminder of your thoughtfulness. Cookies will stay fresh for 90 days if stored at room temperature.""","{""dimensions"":""12\"" x 4.3125\"" x 2.5\"""",""imprint details"":""Price includes imprint firebranded on top slat of wooden crate."",""imprint dimensions"":""3\"" x 0.625\"""",""production time"":""5 working days."",""kosher"":true,""new"":true,""ship weight"":""2 lbs each; 24 lbs per case of 12"",""discount codes"":""4C""}","[""Bakery Gifts""]",,"[18,48,96,240]","[32.65,32.35,31.6,31.6]","""CCCC""",,"""https://s3.amazonaws.com/maple-images/CRH7305_NoBkgd.jpg"""
"""Gourmet Cookie Crate""","""CRH7402CA""","""CRH7402CA""","""These cookies were created by our chef, who received his degrees in Culinary Baking & Pastry Arts from the Culinary Institute of America, widely regarded as the finest culinary school in the world. He was a chef at the Four Seasons Hotel and also for Presidents George H.W. Bush and Bill Clinton. This large crate (Made in USA) is firebranded with your logo and packed with over 200 gourmet bite-sized cookies in 9 different flavors. After the delicious cookies have been enjoyed, the basswood crate can be used to store magazines, catalogs, or papers. Cookies will stay fresh for 90 days if stored at room temperature.""","{""dimensions"":""13\"" x 9.5\"" x 3.25\"""",""imprint details"":""Price includes your imprint firebranded onto the top slat of crate."",""imprint dimensions"":""3\"" x 0.625\"""",""production time"":""5 working days."",""kosher"":true,""new"":true,""ship weight"":""11 lbs each; 35 lbs per case of 4"",""discount codes"":""3C""}","[""Bakery Gifts""]",,"[8,48,96]","[85.0,84.65,83.9]","""CCC""",,"""https://s3.amazonaws.com/maple-images/CRH7402_NoBkgd.jpg"""
"""Sweet Treats Cookie Crate""","""CRH7405CA""","""CRH7405CA""","""These cookies were created by our chef, who received his degrees in Culinary Baking & Pastry Arts from the Culinary Institute of America, widely regarded as the finest culinary school in the world. This large crate (Made in USA) is firebranded with your logo and packed with gourmet bite-sized cookies in 6 delicious flavors. After the delicious cookies have been enjoyed, the basswood crate can be used to store magazines, catalogs, or papers. Cookies will stay fresh for 90 days if stored at room temperature.""","{""dimensions"":""13\"" x 9.5\"" x 3.25\"""",""imprint details"":""Price includes your imprint firebranded onto the top slat of crate."",""imprint dimensions"":""3\"" x 0.625\"""",""production time"":""5 working days."",""kosher"":true,""new"":true,""ship weight"":""11 lbs each; 35 lbs per case of 4"",""discount codes"":""4C""}","[""Bakery Gifts""]",,"[12,48,96,240]","[65.35,65.05,64.3,64.3]","""CCCC""",,"""https://s3.amazonaws.com/maple-images/CRH7405_NoBkgd.jpg"""
"""Chocolate Favorites in Wooden Crate""","""CRT3001CA""","""CRT3001CA""","""`This handmade wooden crate (Made in USA) is firebranded with your logo and hand-tied with black raffia for an elegant touch. Inside you�ll find 12 mouth-watering Pecan Turtles, made with creamy caramel and full-flavored pecans, approximately 40 of our famous Chocolate Covered Almonds and 12 pieces of our signature English Butter Toffee made with plenty of dairy-fresh Wisconsin butter. With one-pound of some of the finest chocolate available, this makes a wonderful gift for every chocolate lover. Crate is firebranded with your logo on the front.""","{""dimensions"":""12\"" x 4.3125\"" x 2.5\"""",""imprint details"":""Price includes imprint firebranded on top slat of wooden crate."",""imprint dimensions"":""3\"" x 0.625\"""",""production time"":""5 working days."",""kosher"":false,""new"":true,""ship weight"":""2 lbs each; 24 lbs per case of 12"",""discount codes"":""4C""}","[""Gift Boxes""]",,"[12,48,96,240]","[50.1,49.8,49.0,49.0]","""CCCC""",,"""https://s3.amazonaws.com/maple-images/CRT3001_NoBkgd.jpg"""
"""Golden Delights Tower""","""G6018ICA""","""G6018ICA""","""This golden tower is nearly overflowing with an expertly balanced combination of sweet and salty flavors to satisfy every recipient. It features an assortment of traditional favorites: delicious Chocolate Covered Almonds, Cocoa Dusted Truffles, Almond Pecan Caramel Corn, Seasoned Pretzels, Chocolate Covered Oreos�; and for the final touch, two pieces of Godiva� Chocolate. Your logo is foil-stamped in gold on ivory satin ribbon. This is a scrumptious selection that is sure to delight all who are lucky enough to receive it! Serves 8-12.""","{""dimensions"":""6.5\"" x 5.75\"" x 15.75\"""",""imprint details"":""Price includes imprint foil-stamped in gold on ivory ribbon."",""imprint dimensions"":""3\"" x 0.75\"""",""production time"":""5 working days."",""kosher"":false,""new"":false,""ship weight"":""9 lbs each; 63 lbs per case of 6"",""discount codes"":""3C""}","[""Towers""]",,"[8,48,96]","[79.55,79.2,78.45]","""CCC""",,"""https://s3.amazonaws.com/maple-images/G6018I_NoBkgd.jpg"""
"""Golden Delights Tower""","""G6018SBCA""","""G6018SBCA""","""This golden tower is nearly overflowing with an expertly balanced combination of sweet and salty flavors to satisfy every recipient. It features an assortment of traditional favorites: delicious Chocolate Covered Almonds, Cocoa Dusted Truffles, Almond Pecan Caramel Corn, Seasoned Pretzels, Chocolate Covered Oreos�; and for the final touch, two pieces of Godiva� Chocolate. Your logo is foil-stamped in gold on sheer burgundy ribbon. This is a scrumptious selection that is sure to delight all who are lucky enough to receive it! Serves 8-12.""","{""dimensions"":""6.5\"" x 5.75\"" x 15.75\"""",""imprint details"":""Price includes imprint foil-stamped in gold on sheer burgundy ribbon."",""imprint dimensions"":""3\"" x 0.75\"""",""production time"":""5 working days."",""kosher"":false,""new"":false,""ship weight"":""9 lbs each; 63 lbs per case of 6"",""discount codes"":""3C""}","[""Towers""]",,"[8,48,96]","[79.55,79.2,78.45]","""CCC""",,"""https://s3.amazonaws.com/maple-images/G6018SB_NoBkgd.jpg"""
"""Golden Delights Tower""","""G6019ICA""","""G6019ICA""","""This golden tower is nearly overflowing with an expertly balanced combination of sweet and salty flavors to satisfy every recipient. It features an assortment of traditional favorites: delicious Chocolate Covered Almonds, Cocoa Dusted Truffles, Almond Pecan Caramel Corn, Seasoned Pretzels, Chocolate Covered Oreos�; and for the final touch, two pieces of Godiva� Chocolate. Your logo is foil-stamped in gold on ivory satin ribbon. This is a scrumptious selection that is sure to delight all who are lucky enough to receive it! Serves 8-12.""","{""dimensions"":""6.5\"" x 5.75\"" x 15.75\"""",""imprint details"":""Price includes imprint foil-stamped in gold on ivory ribbon."",""imprint dimensions"":""3\"" x 0.75\"""",""production time"":""5 working days."",""kosher"":false,""new"":true,""ship weight"":""9 lbs each; 63 lbs per case of 6"",""discount codes"":""3C""}","[""Towers""]",,"[8,48,96]","[79.55,79.2,78.45]","""CCC""",,"""https://s3.amazonaws.com/maple-images/G6019I_NoBkgd.jpg"""
"""Golden Delights Tower""","""G6019SHCA""","""G6019SHCA""","""This golden tower is nearly overflowing with an expertly balanced combination of sweet and salty flavors to satisfy every recipient. It features an assortment of traditional favorites: delicious Chocolate Covered Almonds, Cocoa Dusted Truffles, Almond Pecan Caramel Corn, Seasoned Pretzels, Chocolate Covered Oreos�; and for the final touch, two pieces of Godiva� Chocolate. Your logo is foil-stamped in gold on burgundy satin ribbon. This is a scrumptious selection that is sure to delight all who are lucky enough to receive it! Serves 8-12.""","{""dimensions"":""6.5\"" x 5.75\"" x 15.75\"""",""imprint details"":""Price includes imprint foil-stamped in gold on burgundy ribbon."",""imprint dimensions"":""3\"" x 0.75\"""",""production time"":""5 working days."",""kosher"":false,""new"":true,""ship weight"":""9 lbs each; 63 lbs per case of 6"",""discount codes"":""3C""}","[""Towers""]",,"[8,48,96]","[79.55,79.2,78.45]","""CCC""",,"""https://s3.amazonaws.com/maple-images/G6019SH_NoBkgd.jpg"""
"""Golden Delights Giant Party Tower""","""G8006ICA""","""G8006ICA""","""Our tallest tower ever! At nearly 2 feet tall, your customers will be thrilled to receive this wonderful gift� and they�ll love opening and enjoying what�s inside! This giant tower features eight boxes filled with nine different gourmet delights, including our Cocoa Dusted Truffles, Chocolate Covered Almonds and Double Dipped Chocolate Pretzels. You�re guaranteed to make everyone happy when you send this giant, delicious gift and it�s perfect for sharing in a large office. Serves 18-24.""","{""dimensions"":""8.125\"" x 7.25\"" x 23.625\"""",""imprint details"":""Price includes imprint foil-stamped in gold on ivory ribbon."",""imprint dimensions"":""3\"" x 0.75\"""",""production time"":""5 working days."",""kosher"":false,""new"":true,""ship weight"":""10 lbs each; 35 lbs per case of 4"",""discount codes"":""3C""}","[""Towers""]",,"[6,48,96]","[108.95,108.65,107.9]","""CCC""",,"""https://s3.amazonaws.com/maple-images/G8006I_NoBkgd.jpg"""
"""Golden Delights Giant Party Tower""","""G8006SHCA""","""G8006SHCA""","""Our tallest tower ever! At nearly 2 feet tall, your customers will be thrilled to receive this wonderful gift� and they�ll love opening and enjoying what�s inside! This giant tower features eight boxes filled with nine different gourmet delights, including our Cocoa Dusted Truffles, Chocolate Covered Almonds and Double Dipped Chocolate Pretzels. You�re guaranteed to make everyone happy when you send this giant, delicious gift and it�s perfect for sharing in a large office. Serves 18-24.""","{""dimensions"":""8.125\"" x 7.25\"" x 23.625\"""",""imprint details"":""Price includes imprint foil-stamped in gold on burgundy ribbon."",""imprint dimensions"":""3\"" x 0.75\"""",""production time"":""5 working days."",""kosher"":false,""new"":true,""ship weight"":""10 lbs each; 35 lbs per case of 4"",""discount codes"":""3C""}","[""Towers""]",,"[6,48,96]","[108.95,108.65,107.9]","""CCC""",,"""https://s3.amazonaws.com/maple-images/G8006SH_NoBkgd.jpg"""
"""English Toffee & Chocolate Almonds in Wooden Collector's Box""","""K1006CA""","""K1006CA""","""Our two best-selling chocolates in one deluxe package. Freshly-roasted California almonds are smothered in rich, milk chocolate to create our famous Chocolate Covered Almonds. Alongside we include our signature English Butter Toffee, made the old-fashioned way with plenty of dairy-fresh butter for a richness and flavor that's impossible to find anywhere else. Ten-ounces in all. This masterpiece assortment will delight every chocolate lover! The collectible wooden box is firebranded or foil-stamped in your choice of color with your logo on the lid.""","{""dimensions"":""8\"" x 4\"" x 3\"""",""imprint details"":""Price includes imprint on lid."",""imprint dimensions"":""3.5\"" x 1.5\"""",""production time"":""5 working days."",""kosher"":false,""new"":false,""ship weight"":""2 lbs each; 24 lbs per case of 12"",""discount codes"":""4C""}","[""Gift Boxes""]",,"[18,48,96,240]","[38.1,37.8,37.05,37.05]","""CCCC""",,"""https://s3.amazonaws.com/maple-images/K1006_NoBkgd-DS.jpg"""
"""Extra Fancy Jumbo Cashews in Wooden Collector's Box""","""K102CA""","""K102CA""","""Will the gifts you select today be remembered a year from now? The answer is an easy \""Yes, and even longer\"" if you choose our Extra Fancy Cashews. Each lucky recipient will get three-quarters of a pound of those great big, great tasting, freshly roasted Jumbo Cashews � the very finest in the world � specially packaged to preserve freshness. And they'll get a wooden collector's box firebranded or foil-stamped in your choice of color with your logo to be used and treasured for years to come.""","{""dimensions"":""8\"" x 4\"" x 3\"""",""imprint details"":""Price includes imprint on lid."",""imprint dimensions"":""3.5\"" x 1.5\"""",""production time"":""5 working days."",""kosher"":false,""new"":false,""ship weight"":""2 lbs each; 24 lbs per case of 12"",""discount codes"":""4C""}","[""Gift Boxes""]",,"[18,48,96,240]","[35.95,35.6,34.85,34.85]","""CCCC""",,"""https://s3.amazonaws.com/maple-images/K102_NoBkgd-DS.jpg"""
"""Milk Chocolate Covered Almonds in Wooden Collector's Box""","""K124CA""","""K124CA""","""We'll tell you flat out: These are the biggest and finest Chocolate Covered Almonds we've ever seen. In fact, they're so superior to what you'll see in stores that your customers and employees will call asking where you found them. Colossal, freshly toasted California almonds are covered in rich chocolate! Over 75 come packed in this three-quarter pound box. What a treat! The collectible wooden box is firebranded or foil-stamped in your choice of color with your logo on the lid.""","{""dimensions"":""8\"" x 4\"" x 3\"""",""imprint details"":""Price includes imprint on lid."",""imprint dimensions"":""3.5\"" x 1.5\"""",""production time"":""5 working days."",""kosher"":true,""new"":false,""ship weight"":""2 lbs each; 24 lbs per case of 12"",""discount codes"":""4C""}","[""Gift Boxes""]",,"[18,48,96,240]","[32.65,32.35,31.6,31.6]","""CCCC""",,"""https://s3.amazonaws.com/maple-images/K124_NoBkgd-DS.jpg"""
"""English Butter Toffee in Navy Magnetic Closure Box""","""NMB121CA""","""NMB121CA""","""For over 30 years, our customers (and the recipients of their gifts) have raved about our signature English Butter Toffee! We begin with a crunchy toffee center made with plenty of pure, dairy-fresh butter. Then we enrobe each piece in rich, premium chocolate. Finally, we cover it with toasted almonds. With nearly 36 pieces in this one-pound box, there's plenty to share with friends and family... but don't be surprised if they want to keep it all for themselves. We'll package this great tasting toffee in our navy blue magnetic closure gift box. Choose gold or silver for your logo and we will add a matching bow.""","{""dimensions"":""7.75\"" x 4.125\"" x 2.5\"""",""imprint details"":""Price includes imprint foil-stamped in gold or silver on box."",""imprint dimensions"":""3.5\"" x 1.5\"""",""production time"":""5 working days."",""kosher"":false,""new"":false,""ship weight"":""2 lbs each; 20 lbs per case of 12"",""discount codes"":""4C""}","[""Gift Boxes""]",,"[18,48,96,240]","[40.3,39.95,39.2,39.2]","""CCCC""",,"""https://s3.amazonaws.com/maple-images/NMB121_NoBkgd.jpg"""
"""Pecan Turtles in Navy Magnetic Closure Box""","""NMB123CA""","""NMB123CA""","""These mouth-watering pecan turtles taste even better than they appear! If you�re like me, your mouth is probably watering right now just looking at them. Specially selected, large, full-flavored pecans are surrounded with rich, creamy caramel, and then drenched with the finest chocolate. They�re totally irresistible! 24 of these delicious turtles are packed in one of our fourteen-ounce navy blue magnetic closure gift boxes. Choose gold or silver for your logo and we will add a matching bow.""","{""dimensions"":""7.75\"" x 4.125\"" x 2.5\"""",""imprint details"":""Price includes imprint foil-stamped in gold or silver on box."",""imprint dimensions"":""3.5\"" x 1.5\"""",""production time"":""5 working days."",""kosher"":true,""new"":false,""ship weight"":""2 lbs each; 20 lbs per case of 12"",""discount codes"":""4C""}","[""Gift Boxes""]",,"[18,48,96,240]","[33.75,33.45,32.65,32.65]","""CCCC""",,"""https://s3.amazonaws.com/maple-images/NMB123_NoBkgd-DS.jpg"""
"""Chocolate Covered Almonds in Navy Magnetic Closure Box""","""NMB124CA""","""NMB124CA""","""We'll tell you flat out: These are the finest Chocolate Covered Almonds we've ever seen. In fact, they're so superior to what you'll see in stores that your customers and employees will call or email asking where you found them. Colossal, freshly toasted California almonds are covered in rich chocolate! Over 75 come packed in this three-quarter pound navy blue magnetic closure gift box. Choose gold or silver for your logo and we will add a matching gold or silver bow.""","{""dimensions"":""7.75\"" x 4.125\"" x 2.5\"""",""imprint details"":""Price includes imprint foil-stamped in gold or silver on box."",""imprint dimensions"":""3.5\"" x 1.5\"""",""production time"":""5 working days."",""kosher"":true,""new"":false,""ship weight"":""2 lbs each; 20 lbs per case of 12"",""discount codes"":""4C""}","[""Gift Boxes""]",,"[18,48,96,240]","[32.65,32.35,31.6,31.6]","""CCCC""",,"""https://s3.amazonaws.com/maple-images/NMB124_NoBkgd.jpg"""
"""Chocolate Sea Salt Caramels & Cocoa Dusted Truffles in Navy Magnetic Closure Box""","""NMB138CA""","""NMB138CA""","""Our Magnetic Closure Gift Boxes feature a rich, navy blue leather-like finish. Because they are thicker than other gift boxes, they are highly durable and reusable. A hidden magnet holds the lid securely in place. Your logo is foil-stamped in silver or gold on the center of the lid and the box is tied with a matching silver or gold ribbon. Recipients will open their gift to discover some of our most popular gourmet-quality treats... Cocoa Dusted Truffles & Chocolate Sea Salt Caramels, one-half pound.""","{""dimensions"":""7.75\"" x 4.125\"" x 2.5\"""",""imprint details"":""Price includes imprint foil-stamped in gold or silver on box."",""imprint dimensions"":""3.5\"" x 1.5\"""",""production time"":""5 working days."",""kosher"":false,""new"":false,""ship weight"":""2 lbs each; 20 lbs per case of 12"",""discount codes"":""4C""}","[""Gift Boxes""]",,"[18,48,96,240]","[37.05,36.7,35.95,35.95]","""CCCC""",,"""https://s3.amazonaws.com/maple-images/NMB138_NoBkgd.jpg"""
"""Chocolate Covered Almonds & Chocolate Sea Salt Caramels in Navy Magnetic Closure Box""","""NMB142CA""","""NMB142CA""","""Our Magnetic Closure Gift Boxes feature a rich, navy blue leather-like finish. Because they are thicker than other gift boxes, they are highly durable and reusable. A hidden magnet holds the lid securely in place. Your logo is foil-stamped in silver or gold on the center of the lid and the box is tied with a matching silver or gold ribbon. Recipients will open their gift to discover some of our most popular gourmet-quality treats... Chocolate Almonds & Sea Salt Caramels, nine-ounces.""","{""dimensions"":""7.75\"" x 4.125\"" x 2.5\"""",""imprint details"":""Price includes imprint foil-stamped in gold or silver on box."",""imprint dimensions"":""3.5\"" x 1.5\"""",""production time"":""5 working days."",""kosher"":false,""new"":false,""ship weight"":""2 lbs each; 20 lbs per case of 12"",""discount codes"":""4C""}","[""Gift Boxes""]",,"[18,48,96,240]","[37.05,36.7,35.95,35.95]","""CCCC""",,"""https://s3.amazonaws.com/maple-images/NMB142_NoBkgd.jpg"""
"""English Butter Toffee & Pecan Turtles in Navy Magnetic Closure Box""","""NMB160CA""","""NMB160CA""","""Our Magnetic Closure Gift Boxes feature a rich, navy blue leather-like finish. Because they are thicker than other gift boxes, they are highly durable and reusable. A hidden magnet holds the lid securely in place. Your logo is foil-stamped in silver or gold on the center of the lid and the box is tied with a matching silver or gold ribbon. Recipients will open their gift to discover some of our most popular gourmet-quality treats... English Butter Toffee & Pecan Turtles, eleven-ounces.""","{""dimensions"":""7.75\"" x 4.125\"" x 2.5\"""",""imprint details"":""Price includes imprint foil-stamped in gold or silver on box."",""imprint dimensions"":""3.5\"" x 1.5\"""",""production time"":""5 working days."",""kosher"":false,""new"":false,""ship weight"":""2 lbs each; 20 lbs per case of 12"",""discount codes"":""4C""}","[""Gift Boxes""]",,"[18,48,96,240]","[38.1,37.8,37.05,37.05]","""CCCC""",,"""https://s3.amazonaws.com/maple-images/NMB160_NoBkgd.jpg"""
"""Navy Magnetic Closure Keepsake Box""","""NMB914CA""","""NMB914CA""","""This large, magnetic closure gift box features a luxurious navy blue leather-like finish and will be a long time reminder of this gourmet gift. Your logo is foil-stamped in silver or gold on the center of the lid and the box is wrapped with a matching silver or gold ribbon. Four of our most popular gourmet selections are packaged inside. When recipients open their gift they'll be treated to our signature English Butter Toffee, rich Pecan Turtles, fresh-roasted Deluxe Mixed Nuts and our legendary Chocolate Covered Almonds, nearly one and a half pounds of our best treats.""","{""dimensions"":""7.75\"" x 7.75\"" x 2.5\"""",""imprint details"":""Price includes imprint foil-stamped in gold or silver on gift box."",""imprint dimensions"":""3.5\"" x 1.5\"""",""production time"":""5 working days."",""kosher"":false,""new"":false,""ship weight"":""3 lbs each; 28 lbs per case of 12"",""discount codes"":""3C""}","[""Gift Boxes""]",,"[12,48,96]","[59.9,59.6,58.85]","""CCC""",,"""https://s3.amazonaws.com/maple-images/NMB914_NoBkgd.jpg"""
"""Gourmet Cookie Assortment""","""NV233CA""","""NV233CA""","""These cookies were created by our chef, who received his degrees in Culinary Baking & Pastry Arts from the Culinary Institute of America, widely regarded as the finest culinary school in the world. He was a chef at the Four Seasons Hotel and also for Presidents George H.W. Bush and Bill Clinton. The large navy blue box is filled with a wonderful assortment of gourmet cookies. With over 150 bite-sized cookies in all, it is a great gift to share in the office or at home. The gift box is foil-stamped in white with your logo and carefully tied with a white satin ribbon for a great presentation. Cookies will stay fresh for 90 days if stored at room temperature.""","{""dimensions"":""10.625\"" x 7.3125\"" x 2.187\"""",""imprint details"":""Price includes imprint foil-stamped in white on gift box."",""imprint dimensions"":""2.75\"" x 1\"""",""production time"":""5 working days."",""kosher"":true,""new"":true,""ship weight"":""4 lbs each; 18 lbs per case of 6"",""discount codes"":""4C""}","[""Bakery Gifts""]",,"[12,48,96,240]","[50.1,49.8,49.0,49.0]","""CCCC""",,"""https://s3.amazonaws.com/maple-images/NV233_NoBkgd.jpg"""
"""English Butter Toffee in Red Magnetic Closure Box""","""RMB121CA""","""RMB121CA""","""For over 30 years, our customers (and the recipients of their gifts) have raved about our signature English Butter Toffee! We begin with a crunchy toffee center made with plenty of pure, dairy-fresh butter. Then we enrobe each piece in rich, premium chocolate. Finally, we cover it with toasted almonds. With nearly 36 pieces in this one-pound box, there's plenty to share with friends and family... but don't be surprised if they want to keep it all for themselves. We'll package this great tasting toffee in our red magnetic closure gift box. Choose gold or silver for your logo and we will add a matching bow.""","{""dimensions"":""7.75\"" x 4.125\"" x 2.5\"""",""imprint details"":""Price includes imprint foil-stamped in gold or silver on box."",""imprint dimensions"":""3.5\"" x 1.5\"""",""production time"":""5 working days."",""kosher"":false,""new"":false,""ship weight"":""2 lbs each; 20 lbs per case of 12"",""discount codes"":""4C""}","[""Gift Boxes""]",,"[18,48,96,240]","[40.3,39.95,39.2,39.2]","""CCCC""",,"""https://s3.amazonaws.com/maple-images/RMB121_NoBkgd.jpg"""
"""Pecan Turtles in Red Magnetic Closure Box""","""RMB123CA""","""RMB123CA""","""These mouth-watering pecan turtles taste even better than they appear! If you�re like me, your mouth is probably watering right now just looking at them. Specially selected, large, full-flavored pecans are surrounded with rich, creamy caramel, and then drenched with the finest chocolate. They�re totally irresistible! 24 of these delicious turtles are packed in one of our fourteen-ounce red magnetic closure gift boxes. Choose gold or silver for your logo and we will add a matching bow.""","{""dimensions"":""7.75\"" x 4.125\"" x 2.5\"""",""imprint details"":""Price includes imprint foil-stamped in gold or silver on box."",""imprint dimensions"":""3.5\"" x 1.5\"""",""production time"":""5 working days."",""kosher"":true,""new"":false,""ship weight"":""2 lbs each; 20 lbs per case of 12"",""discount codes"":""4C""}","[""Gift Boxes""]",,"[18,48,96,240]","[33.75,33.45,32.65,32.65]","""CCCC""",,"""https://s3.amazonaws.com/maple-images/RMB123_NoBkgd.jpg"""
"""Chocolate Covered Almonds in Red Magnetic Closure Box""","""RMB124CA""","""RMB124CA""","""We'll tell you flat out: These are the finest Chocolate Covered Almonds we've ever seen. In fact, they're so superior to what you'll see in stores that your customers and employees will call or email asking where you found them. Colossal, freshly toasted California almonds are covered in rich chocolate! Over 75 come packed in this three-quarter pound red magnetic closure gift box. Choose gold or silver for your logo and we will add a matching gold or silver bow.""","{""dimensions"":""7.75\"" x 4.125\"" x 2.5\"""",""imprint details"":""Price includes imprint foil-stamped in gold or silver on box."",""imprint dimensions"":""3.5\"" x 1.5\"""",""production time"":""5 working days."",""kosher"":true,""new"":false,""ship weight"":""2 lbs each; 20 lbs per case of 12"",""discount codes"":""4C""}","[""Gift Boxes""]",,"[18,48,96,240]","[32.65,32.35,31.6,31.6]","""CCCC""",,"""https://s3.amazonaws.com/maple-images/RMB124_NoBkgd.jpg"""
"""Chocolate Sea Salt Caramels & Cocoa Dusted Truffles in Red Magnetic Closure Box""","""RMB138CA""","""RMB138CA""","""Our Magnetic Closure Gift Boxes feature a rich, deep red leather-like finish. Because they are thicker than other gift boxes, they are highly durable and reusable. A hidden magnet holds the lid securely in place. Your logo is foil-stamped in silver or gold on the center of the lid and the box is tied with a matching silver or gold ribbon. Recipients will open their gift to discover some of our most popular gourmet-quality treats... Cocoa Dusted Truffles & Chocolate Sea Salt Caramels, one-half pound.""","{""dimensions"":""7.75\"" x 4.125\"" x 2.5\"""",""imprint details"":""Price includes imprint foil-stamped in gold or silver on box."",""imprint dimensions"":""3.5\"" x 1.5\"""",""production time"":""5 working days."",""kosher"":false,""new"":false,""ship weight"":""2 lbs each; 20 lbs per case of 12"",""discount codes"":""4C""}","[""Gift Boxes""]",,"[18,48,96,240]","[37.05,36.7,35.95,35.95]","""CCCC""",,"""https://s3.amazonaws.com/maple-images/RMB138_NoBkgd.jpg"""
"""Chocolate Covered Almonds & Chocolate Sea Salt Caramels in Red Magnetic Closure Box""","""RMB142CA""","""RMB142CA""","""Our Magnetic Closure Gift Boxes feature a rich, deep red leather-like finish. Because they are thicker than other gift boxes, they are highly durable and reusable. A hidden magnet holds the lid securely in place. Your logo is foil-stamped in silver or gold on the center of the lid and the box is tied with a matching silver or gold ribbon. Recipients will open their gift to discover some of our most popular gourmet-quality treats... Chocolate Almonds & Sea Salt Caramels, nine-ounces.""","{""dimensions"":""7.75\"" x 4.125\"" x 2.5\"""",""imprint details"":""Price includes imprint foil-stamped in gold or silver on box."",""imprint dimensions"":""3.5\"" x 1.5\"""",""production time"":""5 working days."",""kosher"":false,""new"":false,""ship weight"":""2 lbs each; 20 lbs per case of 12"",""discount codes"":""4C""}","[""Gift Boxes""]",,"[18,48,96,240]","[37.05,36.7,35.95,35.95]","""CCCC""",,"""https://s3.amazonaws.com/maple-images/RMB142_NoBkgd.jpg"""
"""English Butter Toffee & Pecan Turtles in Red Magnetic Closure Box""","""RMB160CA""","""RMB160CA""","""Our Magnetic Closure Gift Boxes feature a rich, deep red leather-like finish. Because they are thicker than other gift boxes, they are highly durable and reusable. A hidden magnet holds the lid securely in place. Your logo is foil-stamped in silver or gold on the center of the lid and the box is tied with a matching silver or gold ribbon. Recipients will open their gift to discover some of our most popular gourmet-quality treats... English Butter Toffee & Pecan Turtles, eleven-ounces.""","{""dimensions"":""7.75\"" x 4.125\"" x 2.5\"""",""imprint details"":""Price includes imprint foil-stamped in gold or silver on box."",""imprint dimensions"":""3.5\"" x 1.5\"""",""production time"":""5 working days."",""kosher"":false,""new"":false,""ship weight"":""2 lbs each; 20 lbs per case of 12"",""discount codes"":""4C""}","[""Gift Boxes""]",,"[18,48,96,240]","[38.1,37.8,37.05,37.05]","""CCCC""",,"""https://s3.amazonaws.com/maple-images/RMB160_NoBkgd-DS.jpg"""
"""Red Magnetic Closure Treasure Box""","""RMB939CA""","""RMB939CA""","""The large, elegant, magnetic closure gift box will be perfect for keeping small treasured items, either in the office or at home. We foil-stamp your logo in gold or silver on the lid of this deep red leather-like box then tie it with a matching gold or silver ribbon. It's filled with an incredible assortment of gourmet treats including Chocolate Sea Salt Caramels, English Butter Toffee, Chocolate Covered Almonds, and Extra Fancy Jumbo Cashews, nearly one and a quarter pounds in all. This gift is guaranteed to bring a smile to their face!""","{""dimensions"":""7.75\"" x 7.75\"" x 2.5\"""",""imprint details"":""Price includes imprint foil-stamped in gold or silver on gift box."",""imprint dimensions"":""3.5\"" x 1.5\"""",""production time"":""5 working days."",""kosher"":false,""new"":false,""ship weight"":""3 lbs each; 27 lbs per case of 12"",""discount codes"":""3C""}","[""Gift Boxes""]",,"[12,48,96]","[59.9,59.6,58.85]","""CCC""",,"""https://s3.amazonaws.com/maple-images/RMB939_NoBkgd.jpg"""
"""Bite-Sized Chocolate Chip Cookies in Red Premium Delights Gift Box""","""RPD180CA""","""RPD180CA""","""These gourmet bite-sized chocolate chip cookies were created by our chef, who received his degrees in Culinary Baking & Pastry Arts from the Culinary Institute of America, widely regarded as the finest culinary school in the world. Approximately 20 cookies come packed in a red gift box imprinted with your logo in silver or gold and complete with a matching bow.""","{""dimensions"":""3.5\"" x 2\"" x 6\"""",""imprint details"":""Price includes imprint foil-stamped in gold or silver on gift box."",""imprint dimensions"":""2\"" x 2\"""",""production time"":""5 working days."",""kosher"":true,""new"":true,""ship weight"":""1 lbs each; 28 lbs per case of 48"",""discount codes"":""5C""}","[""Bakery Gifts""]",,"[24,48,96,240,480]","[12.0,12.0,11.95,11.95,11.9]","""CCCCC""",,"""https://s3.amazonaws.com/maple-images/RPD180_NoBkgd.jpg"""
"""Bite-Sized Lemon Meringue Cookies in Red Premium Delights Gift Box""","""RPD181CA""","""RPD181CA""","""These gourmet bite-sized lemon meringue cookies were created by our chef, who received his degrees in Culinary Baking & Pastry Arts from the Culinary Institute of America, widely regarded as the finest culinary school in the world. Approximately 50 cookies come packed in a red gift box imprinted with your logo in silver or gold and complete with a matching bow.""","{""dimensions"":""3.5\"" x 2\"" x 6\"""",""imprint details"":""Price includes imprint foil-stamped in gold or silver on gift box."",""imprint dimensions"":""2\"" x 2\"""",""production time"":""5 working days."",""kosher"":true,""new"":true,""ship weight"":""1 lbs each; 28 lbs per case of 48"",""discount codes"":""5C""}","[""Bakery Gifts""]",,"[24,48,96,240,480]","[12.0,12.0,11.95,11.95,11.9]","""CCCCC""",,"""https://s3.amazonaws.com/maple-images/RPD181_NoBkgd.jpg"""
"""Bite-Sized Butter Toffee Pecan Cookies in Red Premium Delights Gift Box""","""RPD182CA""","""RPD182CA""","""These gourmet bite-sized butter toffee pecan cookies were created by our chef, who received his degrees in Culinary Baking & Pastry Arts from the Culinary Institute of America, widely regarded as the finest culinary school in the world. Approximately 50 cookies come packed in a red gift box imprinted with your logo in silver or gold and complete with a matching bow.""","{""dimensions"":""3.5\"" x 2\"" x 6\"""",""imprint details"":""Price includes imprint foil-stamped in gold or silver on gift box."",""imprint dimensions"":""2\"" x 2\"""",""production time"":""5 working days."",""kosher"":true,""new"":true,""ship weight"":""1 lbs each; 28 lbs per case of 48"",""discount codes"":""5C""}","[""Bakery Gifts""]",,"[24,48,96,240,480]","[12.0,12.0,11.95,11.95,11.9]","""CCCCC""",,"""https://s3.amazonaws.com/maple-images/RPD182_NoBkgd.jpg"""
"""Bite-Sized Cranberry Shortbread Cookies in Red Premium Delights Gift Box""","""RPD183CA""","""RPD183CA""","""These gourmet bite-sized cranberry shortbread cookies were created by our chef, who received his degrees in Culinary Baking & Pastry Arts from the Culinary Institute of America, widely regarded as the finest culinary school in the world. Approximately 20 cookies come packed in a red gift box imprinted with your logo in silver or gold and complete with a matching bow.""","{""dimensions"":""3.5\"" x 2\"" x 6\"""",""imprint details"":""Price includes imprint foil-stamped in gold or silver on gift box."",""imprint dimensions"":""2\"" x 2\"""",""production time"":""5 working days."",""kosher"":true,""new"":true,""ship weight"":""1 lbs each; 28 lbs per case of 48"",""discount codes"":""5C""}","[""Bakery Gifts""]",,"[24,48,96,240,480]","[12.0,12.0,11.95,11.95,11.9]","""CCCCC""",,"""https://s3.amazonaws.com/maple-images/RPD183_NoBkgd.jpg"""
"""Bite-Sized Snickerdoodle Crisp Cookies in Red Premium Delights Gift Box""","""RPD185CA""","""RPD185CA""","""These gourmet bite-sized snickerdoodle crisp cookies were created by our chef, who received his degrees in Culinary Baking & Pastry Arts from the Culinary Institute of America, widely regarded as the finest culinary school in the world. Approximately 20 cookies come packed in a red gift box imprinted with your logo in silver or gold and complete with a matching bow.""","{""dimensions"":""3.5\"" x 2\"" x 6\"""",""imprint details"":""Price includes imprint foil-stamped in gold or silver on gift box."",""imprint dimensions"":""2\"" x 2\"""",""production time"":""5 working days."",""kosher"":true,""new"":true,""ship weight"":""1 lbs each; 28 lbs per case of 48"",""discount codes"":""5C""}","[""Bakery Gifts""]",,"[24,48,96,240,480]","[12.0,12.0,11.95,11.95,11.9]","""CCCCC""",,"""https://s3.amazonaws.com/maple-images/RPD185_NoBkgd.jpg"""
"""Bite-Sized Mixed Berry Tea Cookies in Red Premium Delights Gift Box""","""RPD188CA""","""RPD188CA""","""These gourmet bite-sized mixed berry tea cookies were created by our chef, who received his degrees in Culinary Baking & Pastry Arts from the Culinary Institute of America, widely regarded as the finest culinary school in the world. Approximately 20 cookies come packed in a red gift box imprinted with your logo in silver or gold and complete with a matching bow.""","{""dimensions"":""3.5\"" x 2\"" x 6\"""",""imprint details"":""Price includes imprint foil-stamped in gold or silver on gift box."",""imprint dimensions"":""2\"" x 2\"""",""production time"":""5 working days."",""kosher"":true,""new"":true,""ship weight"":""1 lbs each; 28 lbs per case of 48"",""discount codes"":""5C""}","[""Bakery Gifts""]",,"[24,48,96,240,480]","[12.0,12.0,11.95,11.95,11.9]","""CCCCC""",,"""https://s3.amazonaws.com/maple-images/RPD188_NoBkgd.jpg"""
"""Silver Delights Tower""","""S6019BCA""","""S6019BCA""","""This silver tower is nearly overflowing with an expertly balanced combination of sweet and salty flavors to satisfy every recipient. It features an assortment of traditional favorites: delicious Chocolate Covered Almonds, Cocoa Dusted Truffles, Almond Pecan Caramel Corn, Seasoned Pretzels, Chocolate Covered Oreos�; and for the final touch, two pieces of Godiva� Chocolate. Your logo is foil-stamped in silver on blue satin ribbon. This is a scrumptious selection that is sure to delight all who are lucky enough to receive it! Serves 8-12.""","{""dimensions"":""6.5\"" x 5.75\"" x 15.75\"""",""imprint details"":""Price includes imprint foil-stamped in silver on blue ribbon."",""imprint dimensions"":""3\"" x 0.75\"""",""production time"":""5 working days."",""kosher"":false,""new"":true,""ship weight"":""9 lbs each; 63 lbs per case of 6"",""discount codes"":""3C""}","[""Towers""]",,"[8,48,96]","[79.55,79.2,78.45]","""CCC""",,"""https://s3.amazonaws.com/maple-images/S6019B_NoBkgd.jpg"""
"""Silver Delights Tower""","""S6019BLKCA""","""S6019BLKCA""","""This silver tower is nearly overflowing with an expertly balanced combination of sweet and salty flavors to satisfy every recipient. It features an assortment of traditional favorites: delicious Chocolate Covered Almonds, Cocoa Dusted Truffles, Almond Pecan Caramel Corn, Seasoned Pretzels, Chocolate Covered Oreos�; and for the final touch, two pieces of Godiva� Chocolate. Your logo is foil-stamped in silver on the black satin ribbon. This is a scrumptious selection that is sure to delight all who are lucky enough to receive it! Serves 8-12.""","{""dimensions"":""6.5\"" x 5.75\"" x 15.75\"""",""imprint details"":""Price includes imprint foil-stamped in silver on black ribbon."",""imprint dimensions"":""3\"" x 0.75\"""",""production time"":""5 working days."",""kosher"":false,""new"":true,""ship weight"":""9 lbs each; 63 lbs per case of 6"",""discount codes"":""3C""}","[""Towers""]",,"[8,48,96]","[79.55,79.2,78.45]","""CCC""",,"""https://s3.amazonaws.com/maple-images/S6019BLK_NoBkgd.jpg"""
"""Silver Delights Giant Party Tower""","""S8006BCA""","""S8006BCA""","""Our tallest tower ever! At nearly 2 feet tall, your customers will be thrilled to receive this wonderful gift� and they�ll love opening and enjoying what�s inside! This giant tower features eight boxes filled with nine different gourmet delights, including our Cocoa Dusted Truffles, Chocolate Covered Almonds and Double Dipped Chocolate Pretzels. You�re guaranteed to make everyone happy when you send this giant, delicious gift and it�s perfect for sharing in a large office. Serves 18-24.""","{""dimensions"":""8.125\"" x 7.25\"" x 23.625\"""",""imprint details"":""Price includes imprint foil-stamped in silver on blue ribbon."",""imprint dimensions"":""3\"" x 0.75\"""",""production time"":""5 working days."",""kosher"":false,""new"":true,""ship weight"":""10 lbs each; 31 lbs per case of 4"",""discount codes"":""3C""}","[""Towers""]",,"[6,48,96]","[108.95,108.65,107.9]","""CCC""",,"""https://s3.amazonaws.com/maple-images/S8006B_NoBkgd.jpg"""
"""Silver Delights Giant Party Tower""","""S8006BLKCA""","""S8006BLKCA""","""Our tallest tower ever! At nearly 2 feet tall, your customers will be thrilled to receive this wonderful gift� and they�ll love opening and enjoying what�s inside! This giant tower features eight boxes filled with nine different gourmet delights, including our Cocoa Dusted Truffles, Chocolate Covered Almonds and Double Dipped Chocolate Pretzels. You�re guaranteed to make everyone happy when you send this giant, delicious gift and it�s perfect for sharing in a large office. Serves 18-24.""","{""dimensions"":""8.125\"" x 7.25\"" x 23.625\"""",""imprint details"":""Price includes imprint foil-stamped in silver on black ribbon."",""imprint dimensions"":""3\"" x 0.75\"""",""production time"":""5 working days."",""kosher"":false,""new"":true,""ship weight"":""10 lbs each; 31 lbs per case of 4"",""discount codes"":""3C""}","[""Towers""]",,"[6,48,96]","[108.95,108.65,107.9]","""CCC""",,"""https://s3.amazonaws.com/maple-images/S8006BLK_NoBkgd.jpg"""
"""Extra Fancy Jumbo Cashews in Silver Classic Treats Gift Box""","""SCT102CA""","""SCT102CA""","""These jumbo, great tasting, freshly roasted, extra fancy cashews are some of the very finest in the world. We roast them carefully to make sure they are extra crunchy, then lightly salt them to bring out that real, honest-to-goodness flavor. Cashews are a great source of magnesium, selenium, zinc and iron. The silver gift box is foil-stamped in your choice of black, white, blue, or red and tied with a matching satin ribbon and bow. Each box contains five-ounces.""","{""dimensions"":""3.625\"" x 3.625\"" x 3.75\"""",""imprint details"":""Price includes imprint foil-stamped in one of four colors on gift box."",""imprint dimensions"":""2\"" x 1.5\"""",""production time"":""5 working days."",""kosher"":false,""new"":false,""ship weight"":""1 lbs each; 48 lbs per case of 48"",""discount codes"":""5C""}","[""Gift Boxes""]",,"[24,48,96,240,480]","[16.35,16.35,16.3,16.3,16.25]","""CCCCC""",,"""https://s3.amazonaws.com/maple-images/SCT102_NoBkgd-DS.jpg"""
"""Chocolate Sea Salt Caramels in Silver Classic Treats Gift Box""","""SCT119CA""","""SCT119CA""","""These Sea Salt Caramels are a harmonious blend of complex flavors�soft, buttery caramel, made with dairy fresh cream, is enrobed in rich, dark chocolate; then dusted with a delicate sprinkling of sea salt to create a bold flavor sensation. We are sure you will enjoy this exquisite treat. The silver gift box is foil-stamped in your choice of black, white, blue, or red and tied with a matching satin ribbon and bow. Each box contains 8 caramels.""","{""dimensions"":""3.625\"" x 3.625\"" x 3.75\"""",""imprint details"":""Price includes imprint foil-stamped in one of four colors on gift box."",""imprint dimensions"":""2\"" x 1.5\"""",""production time"":""5 working days."",""kosher"":false,""new"":false,""ship weight"":""1 lbs each; 48 lbs per case of 48"",""discount codes"":""5C""}","[""Gift Boxes""]",,"[24,48,96,240,480]","[17.45,17.45,17.4,17.4,17.35]","""CCCCC""",,"""https://s3.amazonaws.com/maple-images/SCT119_NoBkgd-DS.jpg"""
"""English Butter Toffee in Silver Classic Treats Gift Box""","""SCT121CA""","""SCT121CA""","""Our English Butter Toffee is crafted in small batches from a perfect blend of freshly toasted California almonds, sweet creamery butter and pure cane sugar. It is covered with a generous layer of rich milk chocolate and sprinkled with crushed almonds creating a buttery, crunchy, wonderful taste sensation. The silver gift box is foil-stamped in your choice of black, white, blue, or red and tied with a matching satin ribbon and bow. Each box contains 12 pieces of toffee.""","{""dimensions"":""3.625\"" x 3.625\"" x 3.75\"""",""imprint details"":""Price includes imprint foil-stamped in one of four colors on gift box."",""imprint dimensions"":""2\"" x 1.5\"""",""production time"":""5 working days."",""kosher"":false,""new"":false,""ship weight"":""1 lbs each; 48 lbs per case of 48"",""discount codes"":""5C""}","[""Gift Boxes""]",,"[24,48,96,240,480]","[17.45,17.45,17.4,17.4,17.35]","""CCCCC""",,"""https://s3.amazonaws.com/maple-images/SCT121_NoBkgd-DS.jpg"""
"""Pecan Turtles in Silver Classic Treats Gift Box""","""SCT123CA""","""SCT123CA""","""These classic Pecan Turtles are simply the best! We slow cook our caramel in a large copper kettle until it is golden and delicious, drop it onto a bed of roasted, lightly salted, hand-picked pecans and then enrobe this combination in our special blend of milk chocolate! The silver gift box is foil-stamped in your choice of black, white, blue, or red and tied with a matching satin ribbon and bow. Each box contains 12 turtles.""","{""dimensions"":""3.625\"" x 3.625\"" x 3.75\"""",""imprint details"":""Price includes imprint foil-stamped in one of four colors on gift box."",""imprint dimensions"":""2\"" x 1.5\"""",""production time"":""5 working days."",""kosher"":true,""new"":false,""ship weight"":""1 lbs each; 48 lbs per case of 48"",""discount codes"":""5C""}","[""Gift Boxes""]",,"[24,48,96,240,480]","[17.45,17.45,17.4,17.4,17.35]","""CCCCC""",,"""https://s3.amazonaws.com/maple-images/SCT123_NoBkgd-DS.jpg"""
"""Chocolate Covered Almonds in Silver Classic Treats Gift Box""","""SCT124CA""","""SCT124CA""","""These Milk Chocolate Covered Almonds are made with real cocoa. By combining the rich flavor of premium chocolate with toasted California almonds that are high in fiber and loaded with vitamin E, we�ve created a delicious healthy snack that you can enjoy without feeling guilty. The silver gift box is foil-stamped in your choice of black, white, blue, or red and tied with a matching satin ribbon and bow. Each box contains five-ounces.""","{""dimensions"":""3.625\"" x 3.625\"" x 3.75\"""",""imprint details"":""Price includes imprint foil-stamped in one of four colors on gift box."",""imprint dimensions"":""2\"" x 1.5\"""",""production time"":""5 working days."",""kosher"":true,""new"":false,""ship weight"":""1 lbs each; 48 lbs per case of 48"",""discount codes"":""5C""}","[""Gift Boxes""]",,"[24,48,96,240,480]","[16.35,16.35,16.3,16.3,16.25]","""CCCCC""",,"""https://s3.amazonaws.com/maple-images/SCT124_NoBkgd-DS.jpg"""
"""Peppermint Bark in Silver Classic Treats Gift Box""","""SCT129CA""","""SCT129CA""","""Our Peppermint Bark adds a delightful twist to the classic candy cane. We begin with a delicious, creamy confection on top of a layer of dark chocolate, then add a touch of genuine peppermint oil and a generous sprinkling of real candy cane bits. Just break into pieces to share and enjoy! The silver gift box is foil-stamped in your choice of black, white, blue, or red and tied with a matching satin ribbon and bow. Each box contains five-ounces.""","{""dimensions"":""3.625\"" x 3.625\"" x 3.75\"""",""imprint details"":""Price includes imprint foil-stamped in one of four colors on gift box."",""imprint dimensions"":""2\"" x 1.5\"""",""production time"":""5 working days."",""kosher"":false,""new"":false,""ship weight"":""1 lbs each; 48 lbs per case of 48"",""discount codes"":""5C""}","[""Gift Boxes""]",,"[24,48,96,240,480]","[18.55,18.55,18.5,18.5,18.45]","""CCCCC""",,"""https://s3.amazonaws.com/maple-images/SCT129_NoBkgd.jpg"""
"""Jumbo California Pistachios in Silver Classic Treats Gift Box""","""SCT141CA""","""SCT141CA""","""If you love extraordinary pistachios, you�ll not only appreciate these, you won�t be able to stop eating them. These are the exceptionally flavorful �new crop� pistachios, straight from California, packed fresh and crunchy for your enjoyment. Pistachios contain iron, protein and high levels of magnesium, which helps lower blood pressure. The silver gift box is foil-stamped in your choice of black, white, blue, or red and tied with a matching satin ribbon and bow. Each box contains four-ounces.""","{""dimensions"":""3.625\"" x 3.625\"" x 3.75\"""",""imprint details"":""Price includes imprint foil-stamped in one of four colors on gift box."",""imprint dimensions"":""2\"" x 1.5\"""",""production time"":""5 working days."",""kosher"":false,""new"":false,""ship weight"":""1 lbs each; 48 lbs per case of 48"",""discount codes"":""5C""}","[""Gift Boxes""]",,"[24,48,96,240,480]","[15.25,15.25,15.25,15.25,15.15]","""CCCCC""",,"""https://s3.amazonaws.com/maple-images/SCT141_NoBkgd-DS.jpg"""
"""Cocoa Dusted Truffles in Silver Classic Treats Gift Box""","""SCT143CA""","""SCT143CA""","""Crafted in the centuries-old tradition of Europe's finest chocolatiers, our rich, creamy truffles offer the ultimate in chocolate enjoyment. Each decadent center is carefully blended for supreme smoothness, then gently dusted with premium cocoa to create a soft, sophisticated finish. The silver gift box is foil-stamped in your choice of black, white, blue, or red and tied with a matching satin ribbon and bow. Each box contains 11 truffles.""","{""dimensions"":""3.625\"" x 3.625\"" x 3.75\"""",""imprint details"":""Price includes imprint foil-stamped in one of four colors on gift box."",""imprint dimensions"":""2\"" x 1.5\"""",""production time"":""5 working days."",""kosher"":false,""new"":false,""ship weight"":""1 lbs each; 48 lbs per case of 48"",""discount codes"":""5C""}","[""Gift Boxes""]",,"[24,48,96,240,480]","[16.35,16.35,16.3,16.3,16.25]","""CCCCC""",,"""https://s3.amazonaws.com/maple-images/SCT143_NoBkgd-DS.jpg"""
"""Sweet Elegance Gift Box""","""SL982CA""","""SL982CA""","""These cookies were created by our chef, who received his degrees in Culinary Baking and Pastry Arts from the Culinary Institute of America, widely regarded as the finest culinary school in the world. This sparkling silver box, tied with blue ribbon featuring your logo foil-stamped in silver, is filled with an assortment of cookies sure to satisfy any craving. Cookies will stay fresh for 90 days if stored at room temperature.""","{""dimensions"":""7.375\"" x 7.375\"" x 2.25\"""",""imprint details"":""Price includes imprint foil-stamped in silver on blue ribbon."",""imprint dimensions"":""3\"" x 0.75\"""",""production time"":""5 working days."",""kosher"":true,""new"":true,""ship weight"":""2 lbs each; 21 lbs per case of 12"",""discount codes"":""4C""}","[""Bakery Gifts""]",,"[18,48,96,240]","[39.2,38.9,38.1,38.1]","""CCCC""",,"""https://s3.amazonaws.com/maple-images/SL982_NoBkgd.jpg"""
"""Charming Snowman Tower""","""SM405CA""","""SM405CA""","""This charming Snowman Tower is filled with delicious gourmet treats including Chocolate Covered Almonds, Extra Fancy Jumbo Cashews and 4 pieces of our famous English Butter Toffee. After the treats have been enjoyed, he makes a great holiday centerpiece. Serves 6-8.""","{""dimensions"":""5\"" x 9.5\"""",""imprint details"":""Price includes imprint foil-stamped in red on white satin ribbon."",""imprint dimensions"":""3\"" x 0.75\"""",""production time"":""5 working days."",""kosher"":false,""new"":true,""ship weight"":""4 lbs each; 43 lbs per case of 12"",""discount codes"":""3C""}","[""Towers""]",,"[12,48,96]","[44.65,44.35,43.55]","""CCC""",,"""https://s3.amazonaws.com/maple-images/SM405_NoBkgd.jpg"""
"""Silver & Navy Tower of Treats""","""SN567CA""","""SN567CA""","""This sparkling tower contains an excellent assortment of gourmet treats that's guaranteed to please one and all! We include fresh-roasted Extra Fancy Jumbo Cashews, our legendary Chocolate Covered Almonds, Chocolate Covered Peanuts, White Frosted Pretzels and Chocolate Sea Salt Caramel Corn. It's almost too beautiful to open, but imagining what's inside is too much temptation for anyone! Your logo is foil-stamped in silver on the navy satin ribbon.""","{""dimensions"":""7.375\"" x 3.875\"" x 9\"""",""imprint details"":""Price includes imprint foil-stamped in silver on navy ribbon."",""imprint dimensions"":""3\"" x 0.75\"""",""production time"":""5 working days."",""kosher"":false,""new"":false,""ship weight"":""3 lbs each; 23 lbs per case of 6"",""discount codes"":""3C""}","[""Towers""]",,"[12,48,96]","[67.55,67.2,66.45]","""CCC""",,"""https://s3.amazonaws.com/maple-images/SN567_NoBkgd-DS.jpg"""
"""Bite-Sized Chocolate Chip Cookies in Silver Premium Delights Gift Box""","""SPD180CA""","""SPD180CA""","""These gourmet bite-sized chocolate chip cookies were created by our chef, who received his degrees in Culinary Baking & Pastry Arts from the Culinary Institute of America, widely regarded as the finest culinary school in the world. Approximately 20 cookies come packed in a metallic silver gift box imprinted with your logo in black and complete with a silver bow.""","{""dimensions"":""3.5\"" x 2\"" x 6\"""",""imprint details"":""Price includes imprint foil-stamped in black on gift box."",""imprint dimensions"":""2\"" x 2\"""",""production time"":""5 working days."",""kosher"":true,""new"":true,""ship weight"":""1 lbs each; 28 lbs per case of 48"",""discount codes"":""5C""}","[""Bakery Gifts""]",,"[24,48,96,240,480]","[12.0,12.0,11.95,11.95,11.9]","""CCCCC""",,"""https://s3.amazonaws.com/maple-images/SPD180_NoBkgd.jpg"""
"""Bite-Sized Lemon Meringue Cookies in Silver Premium Delights Gift Box""","""SPD181CA""","""SPD181CA""","""These gourmet bite-sized lemon meringue cookies were created by our chef, who received his degrees in Culinary Baking & Pastry Arts from the Culinary Institute of America, widely regarded as the finest culinary school in the world. Approximately 50 cookies come packed in a metallic silver gift box imprinted with your logo in black and complete with a silver bow.""","{""dimensions"":""3.5\"" x 2\"" x 6\"""",""imprint details"":""Price includes imprint foil-stamped in black on gift box."",""imprint dimensions"":""2\"" x 2\"""",""production time"":""5 working days."",""kosher"":true,""new"":true,""ship weight"":""1 lbs each; 28 lbs per case of 48"",""discount codes"":""5C""}","[""Bakery Gifts""]",,"[24,48,96,240,480]","[12.0,12.0,11.95,11.95,11.9]","""CCCCC""",,"""https://s3.amazonaws.com/maple-images/SPD181_NoBkgd.jpg"""
"""Bite-Sized Butter Toffee Pecan Cookies in Silver Premium Delights Gift Box""","""SPD182CA""","""SPD182CA""","""These gourmet bite-sized butter toffee pecan cookies were created by our chef, who received his degrees in Culinary Baking & Pastry Arts from the Culinary Institute of America, widely regarded as the finest culinary school in the world. Approximately 50 cookies come packed in a metallic silver gift box imprinted with your logo in black and complete with a silver bow.""","{""dimensions"":""3.5\"" x 2\"" x 6\"""",""imprint details"":""Price includes imprint foil-stamped in black on gift box."",""imprint dimensions"":""2\"" x 2\"""",""production time"":""5 working days."",""kosher"":true,""new"":true,""ship weight"":""1 lbs each; 28 lbs per case of 48"",""discount codes"":""5C""}","[""Bakery Gifts""]",,"[24,48,96,240,480]","[12.0,12.0,11.95,11.95,11.9]","""CCCCC""",,"""https://s3.amazonaws.com/maple-images/SPD182_NoBkgd.jpg"""
"""Bite-Sized Cranberry Shortbread Cookies in Silver Premium Delights Gift Box""","""SPD183CA""","""SPD183CA""","""These gourmet bite-sized cranberry shortbread cookies were created by our chef, who received his degrees in Culinary Baking & Pastry Arts from the Culinary Institute of America, widely regarded as the finest culinary school in the world. Approximately 20 cookies come packed in a metallic silver gift box imprinted with your logo in black and complete with a silver bow.""","{""dimensions"":""3.5\"" x 2\"" x 6\"""",""imprint details"":""Price includes imprint foil-stamped in black on gift box."",""imprint dimensions"":""2\"" x 2\"""",""production time"":""5 working days."",""kosher"":true,""new"":true,""ship weight"":""1 lbs each; 28 lbs per case of 48"",""discount codes"":""5C""}","[""Bakery Gifts""]",,"[24,48,96,240,480]","[12.0,12.0,11.95,11.95,11.9]","""CCCCC""",,"""https://s3.amazonaws.com/maple-images/SPD183_NoBkgd.jpg"""
"""Bite-Sized Snickerdoodle Crisp Cookies in Silver Premium Delights Gift Box""","""SPD185CA""","""SPD185CA""","""These gourmet bite-sized snickerdoodle crisp cookies were created by our chef, who received his degrees in Culinary Baking & Pastry Arts from the Culinary Institute of America, widely regarded as the finest culinary school in the world. Approximately 20 cookies come packed in a metallic silver gift box imprinted with your logo in black and complete with a silver bow.""","{""dimensions"":""3.5\"" x 2\"" x 6\"""",""imprint details"":""Price includes imprint foil-stamped in black on gift box."",""imprint dimensions"":""2\"" x 2\"""",""production time"":""5 working days."",""kosher"":true,""new"":true,""ship weight"":""1 lbs each; 28 lbs per case of 48"",""discount codes"":""5C""}","[""Bakery Gifts""]",,"[24,48,96,240,480]","[12.0,12.0,11.95,11.95,11.9]","""CCCCC""",,"""https://s3.amazonaws.com/maple-images/SPD185_NoBkgd.jpg"""
"""Bite-Sized Mixed Berry Tea Cookies in Silver Premium Delights Gift Box""","""SPD188CA""","""SPD188CA""","""These gourmet bite-sized mixed berry tea cookies were created by our chef, who received his degrees in Culinary Baking & Pastry Arts from the Culinary Institute of America, widely regarded as the finest culinary school in the world. Approximately 20 cookies come packed in a metallic silver gift box imprinted with your logo in black and complete with a silver bow.""","{""dimensions"":""3.5\"" x 2\"" x 6\"""",""imprint details"":""Price includes imprint foil-stamped in black on gift box."",""imprint dimensions"":""2\"" x 2\"""",""production time"":""5 working days."",""kosher"":true,""new"":true,""ship weight"":""1 lbs each; 28 lbs per case of 48"",""discount codes"":""5C""}","[""Bakery Gifts""]",,"[24,48,96,240,480]","[12.0,12.0,11.95,11.95,11.9]","""CCCCC""",,"""https://s3.amazonaws.com/maple-images/SPD188_NoBkgd.jpg"""
"""Classic Wooden 1925 Stake Truck with Extra Fancy Jumbo Cashews""","""TR102CA""","""TR102CA""","""Recipients will appreciate the style and craftsmanship of our version of a Classic 1925 Stake Truck almost as much as they'll appreciate the cargo! Both sides of the truck feature your imprint foil-stamped in gold. We include Extra Fancy Jumbo Cashews, five-ounces. Truck is imported.""","{""dimensions"":""10\"" x 3.5\"" x 4\"""",""imprint details"":""Price includes your imprint foil-stamped in gold on both sides of Stake Truck."",""imprint dimensions"":""1.5\"" x 1.5\"""",""production time"":""5 working days."",""kosher"":false,""new"":false,""ship weight"":""4 lbs each; 31 lbs per case of 6"",""discount codes"":""4C""}","[""Vehicles""]",,"[18,48,96,240]","[44.65,44.35,43.55,43.55]","""CCCC""",,"""https://s3.amazonaws.com/maple-images/TR102_NoBkgd-DS.jpg"""
"""Classic Wooden 1925 Stake Truck with Chocolate Almonds & Extra Fancy Jumbo Cashews""","""TR120CA""","""TR120CA""","""Recipients will appreciate the style and craftsmanship of our version of a Classic 1925 Stake Truck almost as much as they'll appreciate the cargo! Both sides of the truck feature your imprint foil-stamped in gold. We include Extra Fancy Jumbo Cashews, five-ounces, and Chocolate Covered Almonds, five-ounces. Truck is imported.""","{""dimensions"":""10\"" x 3.5\"" x 4\"""",""imprint details"":""Price includes your imprint foil-stamped in gold on both sides of Stake Truck."",""imprint dimensions"":""1.5\"" x 1.5\"""",""production time"":""5 working days."",""kosher"":false,""new"":false,""ship weight"":""4 lbs each; 31 lbs per case of 6"",""discount codes"":""4C""}","[""Vehicles""]",,"[18,48,96,240]","[49.0,48.7,47.95,47.95]","""CCCC""",,"""https://s3.amazonaws.com/maple-images/TR120_NoBkgd.jpg"""
"""Classic Wooden 1925 Stake Truck with Chocolate Covered Almonds""","""TR124CA""","""TR124CA""","""Recipients will appreciate the style and craftsmanship of our version of a Classic 1925 Stake Truck almost as much as they'll appreciate the cargo! Both sides of the truck feature your imprint foil-stamped in gold. We include Chocolate Covered Almonds, five-ounces. Truck is imported.""","{""dimensions"":""10\"" x 3.5\"" x 4\"""",""imprint details"":""Price includes your imprint foil-stamped in gold on both sides of Stake Truck."",""imprint dimensions"":""1.5\"" x 1.5\"""",""production time"":""5 working days."",""kosher"":true,""new"":false,""ship weight"":""4 lbs each; 31 lbs per case of 6"",""discount codes"":""4C""}","[""Vehicles""]",,"[18,48,96,240]","[43.55,43.25,42.5,42.5]","""CCCC""",,"""https://s3.amazonaws.com/maple-images/TR124_NoBkgd-DS.jpg"""
"""1920 Tractor-Trailer Truck with Extra Fancy Jumbo Cashews""","""TR2002CA""","""TR2002CA""","""Everyone will want to add this 1920 Tractor-Trailer to their collection. The tractor-trailer includes your logo or imprint foil-stamped in gold on both sides. We include a package of freshly roasted Extra Fancy Jumbo Cashews, five-ounces. Every recipient of this wooden classic truck will appreciate its craftsmanship and style. Because each truck is made by hand, no two will be identical. Imported.""","{""dimensions"":""13.25\"" x 3.25\"" x 4.625\"""",""imprint details"":""Price includes your imprint foil-stamped in gold on both sides of tractor trailer. "",""imprint dimensions"":""2.5\"" x 1\"""",""production time"":""5 working days."",""kosher"":false,""new"":false,""ship weight"":""5 lbs each; 36 lbs per case of 6"",""discount codes"":""4C""}","[""Vehicles""]",,"[12,48,96,240]","[57.75,57.4,56.65,56.65]","""CCCC""",,"""https://s3.amazonaws.com/maple-images/TR2002_NoBkgd.jpg"""
"""1920 Tractor-Trailer Truck with Chocolate Almonds & Extra Fancy Jumbo Cashews""","""TR2020CA""","""TR2020CA""","""Everyone will want to add this 1920 Tractor-Trailer to their collection. The tractor-trailer includes your logo or imprint foil-stamped in gold on both sides. We include a package of freshly roasted Extra Fancy Jumbo Cashews, five-ounces, and Chocolate Covered Almonds, five-ounces. Every recipient of this wooden classic truck will appreciate its craftsmanship and style. Because each truck is made by hand, no two will be identical. Imported.""","{""dimensions"":""13.25\"" x 3.25\"" x 4.625\"""",""imprint details"":""Price includes your imprint foil-stamped in gold on both sides of tractor trailer. "",""imprint dimensions"":""2.5\"" x 1\"""",""production time"":""5 working days."",""kosher"":false,""new"":false,""ship weight"":""5 lbs each; 36 lbs per case of 6"",""discount codes"":""4C""}","[""Vehicles""]",,"[12,48,96,240]","[62.1,61.75,61.0,61.0]","""CCCC""",,"""https://s3.amazonaws.com/maple-images/TR2020_NoBkgd-DS.jpg"""
"""1920 Tractor-Trailer Truck with Chocolate Covered Almonds""","""TR2024CA""","""TR2024CA""","""Everyone will want to add this 1920 Tractor-Trailer to their collection. The tractor-trailer includes your logo or imprint foil-stamped in gold on both sides. We include a package of Chocolate Covered Almonds, five-ounces. Every recipient of this wooden classic truck will appreciate its craftsmanship and style. Because each truck is made by hand, no two will be identical. Imported.""","{""dimensions"":""13.25\"" x 3.25\"" x 4.625\"""",""imprint details"":""Price includes your imprint foil-stamped in gold on both sides of tractor trailer. "",""imprint dimensions"":""2.5\"" x 1\"""",""production time"":""5 working days."",""kosher"":true,""new"":false,""ship weight"":""5 lbs each; 36 lbs per case of 6"",""discount codes"":""4C""}","[""Vehicles""]",,"[12,48,96,240]","[56.65,56.3,55.55,55.55]","""CCCC""",,"""https://s3.amazonaws.com/maple-images/TR2024_NoBkgd-DS.jpg"""
"""1930-Era Tractor-Trailer Truck with Extra Fancy Jumbo Cashews""","""TR2102CA""","""TR2102CA""","""A \""must have\"" for all collectors, this 1930-Era Tractor-Trailer will be appreciated by every lucky recipient! The tractor-trailer features your logo foil-stamped in gold on both sides. We include a package of freshly roasted Extra Fancy Jumbo Cashews, five-ounces. Every recipient of this wooden classic truck will appreciate its craftsmanship and style. Because each truck is made by hand, no two will be identical. Quantity is limited so order early!""","{""dimensions"":""12.25\"" x 3.25\"" x 4.25\"""",""imprint details"":""Price includes your imprint foil-stamped in gold on both sides of tractor-trailer."",""imprint dimensions"":""2.5\"" x 1\"""",""production time"":""5 working days."",""kosher"":false,""new"":false,""ship weight"":""4 lbs each; 30 lbs per case of 6"",""discount codes"":""4C""}","[""Vehicles""]",,"[12,48,96,240]","[57.75,57.4,56.65,56.65]","""CCCC""",,"""https://s3.amazonaws.com/maple-images/TR2102_NoBkgd.jpg"""
"""1930-Era Tractor-Trailer Truck with Chocolate Almonds & Extra Fancy Jumbo Cashews""","""TR2120CA""","""TR2120CA""","""A \""must have\"" for all collectors, this 1930-Era Tractor-Trailer will be appreciated by every lucky recipient! The tractor-trailer features your logo foil-stamped in gold on both sides. We include a package of Chocolate Covered Almonds and freshly roasted Extra Fancy Jumbo Cashews, five-ounces each. Every recipient of this wooden classic truck will appreciate its craftsmanship and style. Because each truck is made by hand, no two will be identical. Quantity is limited so order early!""","{""dimensions"":""12.25\"" x 3.25\"" x 4.25\"""",""imprint details"":""Price includes your imprint foil-stamped in gold on both sides of tractor-trailer."",""imprint dimensions"":""2.5\"" x 1\"""",""production time"":""5 working days."",""kosher"":false,""new"":false,""ship weight"":""4 lbs each; 30 lbs per case of 6"",""discount codes"":""4C""}","[""Vehicles""]",,"[12,48,96,240]","[62.1,61.75,61.0,61.0]","""CCCC""",,"""https://s3.amazonaws.com/maple-images/TR2120_NoBkgd-DS.jpg"""
"""1930-Era Tractor-Trailer Truck with Chocolate Covered Almonds""","""TR2124CA""","""TR2124CA""","""A \""must have\"" for all collectors, this 1930-Era Tractor-Trailer will be appreciated by every lucky recipient! The tractor-trailer features your logo foil-stamped in gold on both sides. We include a package of Chocolate Covered Almonds, five-ounces. Every recipient of this wooden classic truck will appreciate its craftsmanship and style. Because each truck is made by hand, no two will be identical. Quantity is limited so order early!""","{""dimensions"":""12.25\"" x 3.25\"" x 4.25\"""",""imprint details"":""Price includes your imprint foil-stamped in gold on both sides of tractor-trailer."",""imprint dimensions"":""2.5\"" x 1\"""",""production time"":""5 working days."",""kosher"":true,""new"":false,""ship weight"":""4 lbs each; 30 lbs per case of 6"",""discount codes"":""4C""}","[""Vehicles""]",,"[12,48,96,240]","[56.65,56.3,55.55,55.55]","""CCCC""",,"""https://s3.amazonaws.com/maple-images/TR2124_NoBkgd-DS.jpg"""
"""1935-Era Delivery Truck with Extra Fancy Jumbo Cashews""","""TR2802CA""","""TR2802CA""","""** Available for shipment Fall of 2018. A slot in the lid allows this 1935-Era Delivery Truck to be conveniently used as a coin bank for loose change. Handcrafted and carefully painted, it features your logo foil-stamped in gold on both sides of the delivery truck. For a delicious accompaniment we include five-ounces of Extra Fancy Jumbo Cashews. Limited edition.""","{""dimensions"":""11\"" x 3.5625\"" x 5\"""",""imprint details"":""Price includes your imprint foil-stamped in gold on both sides of delivery truck."",""imprint dimensions"":""2\"" x 0.75\"""",""production time"":""5 working days."",""kosher"":false,""new"":true,""ship weight"":""6 lbs each; 36 lbs per case of 6"",""discount codes"":""4C""}","[""Vehicles""]",,"[12,48,96,240]","[67.55,67.2,66.45,66.45]","""CCCC""",,"""https://s3.amazonaws.com/maple-images/TR2802_NoBkgd.jpg"""
"""1935-Era Delivery Truck with Chocolate Almonds & Jumbo Cashews""","""TR2820CA""","""TR2820CA""","""** Available for shipment Fall of 2018. A slot in the lid allows this 1935-Era Delivery Truck to be conveniently used as a coin bank for loose change. Handcrafted and carefully painted, it features your logo foil-stamped in gold on both sides of the delivery truck. For a delicious accompaniment we include five-ounces each of Extra Fancy Jumbo Cashews and Chocolate Covered Almonds. Limited edition.""","{""dimensions"":""11\"" x 3.5625\"" x 5\"""",""imprint details"":""Price includes your imprint foil-stamped in gold on both sides of delivery truck."",""imprint dimensions"":""2\"" x 0.75\"""",""production time"":""5 working days."",""kosher"":false,""new"":true,""ship weight"":""6 lbs each; 36 lbs per case of 6"",""discount codes"":""4C""}","[""Vehicles""]",,"[12,48,96,240]","[71.9,71.6,70.8,70.8]","""CCCC""",,"""https://s3.amazonaws.com/maple-images/TR2820_NoBkgd.jpg"""
"""Bite-Sized Chocolate Chip Cookies in Blue Premium Delights Gift Box""","""BPD180CA""","""BPD180CA""","""These gourmet bite-sized chocolate chip cookies were created by our chef, who received his degrees in Culinary Baking & Pastry Arts from the Culinary Institute of America, widely regarded as the finest culinary school in the world. Approximately 20 cookies come packed in a metallic blue gift box imprinted with your logo in silver and complete with a silver bow.""","{""dimensions"":""3.5\"" x 2\"" x 6\"""",""imprint details"":""Price includes imprint foil-stamped in silver on gift box."",""imprint dimensions"":""2\"" x 2\"""",""production time"":""5 working days."",""kosher"":true,""new"":true,""ship weight"":""1 lbs each; 28 lbs per case of 48"",""discount codes"":""5C""}","[""Bakery Gifts""]",,"[24,48,96,240,480]","[12.0,12.0,11.95,11.95,11.9]","""CCCCC""",,"""https://s3.amazonaws.com/maple-images/BPD180_NoBkgd.jpg"""
